name,attribute_key,attribute_value
Andrew Cross,general_name,Andrew Cross is the individual's full name.
Andrew Cross,general_sex,Andrew identifies as male.
Andrew Cross,general_address,"Andrew lives at 567 Antonio Forges, New Antoniostad, WV 71119."
Andrew Cross,general_age,Andrew is 57 years old.
Andrew Cross,general_marital_status,Andrew is married.
Andrew Cross,general_number_of_children,Andrew and his spouse have two children.
Andrew Cross,general_occupation,Andrew works as a senior accountant.
Andrew Cross,general_employment_status,Andrew is employed full‑time.
Andrew Cross,general_annual_income,"Andrew's annual pre‑tax income is $85,000."
Andrew Cross,general_education_level,Andrew holds a bachelor's degree in finance.
Andrew Cross,general_home_ownership,Andrew owns his home.
Andrew Cross,general_mortgage_balance,"The outstanding mortgage balance is $120,000."
Andrew Cross,general_credit_score,Andrew's credit score is 720.
Andrew Cross,general_health_conditions,Andrew has a diagnosis of hypertension.
Andrew Cross,general_primary_physician,Andrew's primary care physician is Dr. Linda Myers.
Andrew Cross,bankruptcy_schedule_filing_date,"The bankruptcy was filed on June 15, 2023."
Andrew Cross,bankruptcy_schedule_court_hearing_date,"The court hearing for the bankruptcy took place on August 1, 2023."
Andrew Cross,bankruptcy_schedule_creditor_meeting_date,"The meeting of creditors was held on July 10, 2023."
Andrew Cross,bankruptcy_schedule_debt_relief_workshop_date,"Andrew attended a debt‑relief workshop on September 15, 2023."
Andrew Cross,bankruptcy_schedule_financial_counseling_session,"A financial counseling session occurred on June 20, 2023."
Andrew Cross,bankruptcy_finance_total_debt,"The total debt declared in the bankruptcy was $150,000."
Andrew Cross,bankruptcy_finance_assets_liquidated_value,"Assets liquidated during the bankruptcy were valued at $50,000."
Andrew Cross,bankruptcy_finance_credit_score_drop,Andrew's credit score dropped by 180 points after the bankruptcy.
Andrew Cross,bankruptcy_finance_filing_fees,The filing fees for the bankruptcy amounted to $350.
Andrew Cross,bankruptcy_finance_post_bankruptcy_income,"Andrew's annual income after the bankruptcy is $65,000."
Andrew Cross,bankruptcy_mental_health_anxiety_level,Andrew experienced a high level of anxiety during the bankruptcy process.
Andrew Cross,bankruptcy_mental_health_depression_score,His PHQ‑9 depression score during the bankruptcy was 14.
Andrew Cross,bankruptcy_mental_health_coping_mechanism,Andrew coped by attending weekly therapy sessions.
Andrew Cross,bankruptcy_mental_health_support_group_attendance,He attended a bankruptcy support group.
Andrew Cross,bankruptcy_mental_health_sleep_hours_per_night,Andrew averaged five hours of sleep per night during the bankruptcy.
Andrew Cross,bankruptcy_education_financial_literacy_course_completed,He completed a financial literacy course.
Andrew Cross,bankruptcy_education_course_name,The course he took was called Consumer Bankruptcy Basics.
Andrew Cross,bankruptcy_education_course_completion_date,"He finished the course on July 20, 2023."
Andrew Cross,bankruptcy_education_certificate_received,Andrew received a certificate for completing the course.
Andrew Cross,bankruptcy_education_credits_earned,He earned two continuing‑education credits.
Andrew Cross,bankruptcy_relationships_spouse_support_rating,Andrew rated his spouse's support during the bankruptcy as 8 out of 10.
Andrew Cross,bankruptcy_relationships_family_discussion_frequency,Family discussions about the bankruptcy occurred weekly.
Andrew Cross,bankruptcy_relationships_friends_help_offered,Friends offered help during the bankruptcy.
Andrew Cross,bankruptcy_relationships_children_concern_level,Andrew's children displayed a moderate level of concern about the bankruptcy.
Andrew Cross,bankruptcy_relationships_social_isolation_score,His social isolation score during the bankruptcy was 4 out of 10.
Andrew Cross,bankruptcy_health_blood_pressure,Andrew's blood pressure measured 145 over 90 during the bankruptcy.
Andrew Cross,bankruptcy_health_weight_change_kg,He gained three kilograms of weight during the bankruptcy.
Andrew Cross,bankruptcy_health_medication_adherence,Andrew adhered consistently to his medication regimen.
Andrew Cross,bankruptcy_health_stress_hormone_cortisol_level,"His cortisol level was elevated, indicating stress."
Andrew Cross,bankruptcy_health_doctor_visit_recent,"He visited his doctor on July 1, 2023."
Andrew Cross,bankruptcy_housing_mortgage_status,The mortgage on his house remained current.
Andrew Cross,bankruptcy_housing_rent_or_mortgage_payment,"Andrew's monthly mortgage payment is $1,200."
Andrew Cross,bankruptcy_housing_late_payment_count_last_year,He made two late mortgage payments in the past year.
Andrew Cross,bankruptcy_housing_foreclosure_risk,The risk of foreclosure was assessed as low.
Andrew Cross,bankruptcy_housing_home_equity,"Andrew's home equity stood at $35,000."
Andrew Cross,bankruptcy_legal_attorney_fees,"Attorney fees for the bankruptcy were $2,500."
Andrew Cross,bankruptcy_legal_chapter,The bankruptcy was filed under Chapter 7.
Andrew Cross,bankruptcy_legal_case_number,The bankruptcy case number is WV-2023-0456.
Andrew Cross,bankruptcy_legal_discharge_date,"Andrew received his discharge on October 1, 2023."
Andrew Cross,bankruptcy_legal_credit_report_update_date,"His credit report was updated on November 1, 2023."
Andrew Cross,bankruptcy_employment_position,Andrew retained his position as Senior Accountant.
Andrew Cross,bankruptcy_employment_company,He works for Cross & Associates.
Andrew Cross,bankruptcy_employment_income_change_percentage,His income decreased by 24% after filing for bankruptcy.
Andrew Cross,bankruptcy_employment_hours_per_week,Andrew works 45 hours per week.
Andrew Cross,bankruptcy_employment_job_security_rating,He rates his job security as 6 out of 10.
Andrew Cross,pendinglegalcase_schedule_court_date,"The court date for the pending legal case is February 15, 2024."
Andrew Cross,pendinglegalcase_schedule_attorney_meeting_date,"Andrew met with his attorney on December 5, 2023."
Andrew Cross,pendinglegalcase_schedule_discovery_deadline,"The discovery deadline is January 10, 2024."
Andrew Cross,pendinglegalcase_schedule_mediation_session,"A mediation session is scheduled for January 20, 2024."
Andrew Cross,pendinglegalcase_schedule_filing_deadline,"The filing deadline for the case is November 30, 2023."
Andrew Cross,pendinglegalcase_finance_estimated_legal_fees,"Estimated legal fees for the case are $8,000."
Andrew Cross,pendinglegalcase_finance_potential_liability_amount,"Potential liability from the case is $25,000."
Andrew Cross,pendinglegalcase_finance_insurance_coverage,"His insurance covers up to $15,000 of the liability."
Andrew Cross,pendinglegalcase_finance_placed_escrow,"Andrew placed $5,000 in escrow for the case."
Andrew Cross,pendinglegalcase_finance_monthly_cash_reserve,"He maintains a monthly cash reserve of $10,000."
Andrew Cross,pendinglegalcase_mental_health_stress_level,Andrew's stress level regarding the pending case is moderate.
Andrew Cross,pendinglegalcase_mental_health_anxiety_score,His anxiety score on a standardized scale is 12.
Andrew Cross,pendinglegalcase_mental_health_sleep_quality,Sleep quality has been poor during the legal proceedings.
Andrew Cross,pendinglegalcase_mental_health_coping_strategy,He copes by practicing mindfulness meditation.
Andrew Cross,pendinglegalcase_mental_health_therapy_sessions,Andrew attended three therapy sessions for the case.
Andrew Cross,pendinglegalcase_education_law_seminar_attended,He attended a law seminar related to civil litigation.
Andrew Cross,pendinglegalcase_education_seminar_topic,The seminar topic was Civil Litigation Basics.
Andrew Cross,pendinglegalcase_education_seminar_date,"The seminar took place on November 10, 2023."
Andrew Cross,pendinglegalcase_education_certification_received,He did not receive a certification for the seminar.
Andrew Cross,pendinglegalcase_education_knowledge_self_rating,Andrew rates his legal knowledge after the seminar as 7 out of 10.
Andrew Cross,pendinglegalcase_relationships_spouse_concern,His spouse is highly concerned about the pending legal case.
Andrew Cross,pendinglegalcase_relationships_family_support,Family members are supportive.
Andrew Cross,pendinglegalcase_relationships_friends_advice_given,Friends have offered financial advice.
Andrew Cross,pendinglegalcase_relationships_children_understanding,His children have a low understanding of the legal matters.
Andrew Cross,pendinglegalcase_relationships_social_events_attended,He attended one social event in the last month.
Andrew Cross,pendinglegalcase_health_blood_pressure,His blood pressure measured 140 over 88 during the case.
Andrew Cross,pendinglegalcase_health_headache_frequency_per_week,Andrew experiences three headaches per week.
Andrew Cross,pendinglegalcase_health_cortisol_level,Cortisol levels are moderately elevated.
Andrew Cross,pendinglegalcase_health_meditation_minutes_per_day,He meditates for fifteen minutes each day.
Andrew Cross,pendinglegalcase_health_doctor_visit_last_month,"He saw his doctor on December 5, 2023."
Andrew Cross,pendinglegalcase_housing_mortgage_payment_due_date,"The next mortgage payment is due on March 1, 2024."
Andrew Cross,pendinglegalcase_housing_rent_due,"Rent for the secondary property is due on January 5, 2024."
Andrew Cross,pendinglegalcase_housing_security_deposit,"A security deposit of $1,200 is held for the rental unit."
Andrew Cross,pendinglegalcase_housing_future_moving_plans,He has no plans to move in the near future.
Andrew Cross,pendinglegalcase_housing_home_insurance_status,His home insurance policy is active.
Andrew Cross,pendinglegalcase_legal_case_number,The pending case number is WV-2024-1122.
Andrew Cross,pendinglegalcase_legal_claim_type,The claim involves a breach of contract.
Andrew Cross,pendinglegalcase_legal_judge_assigned,Judge Eleanor Hayes is assigned to the case.
Andrew Cross,pendinglegalcase_legal_attorney_firm,His attorney is from Miller & Partners.
Andrew Cross,pendinglegalcase_legal_status,The case is currently pending discovery.
Andrew Cross,pendinglegalcase_employment_paid_leave_days_taken,He has taken two days of paid leave for the case.
Andrew Cross,pendinglegalcase_employment_work_hours_flexibility,His work hours have been reduced for flexibility.
Andrew Cross,pendinglegalcase_employment_performance_review_rating,His latest performance review rating was 8 out of 10.
Andrew Cross,pendinglegalcase_employment_colleague_support,Colleagues have offered support.
Andrew Cross,pendinglegalcase_employment_job_title,He continues to hold the title of Senior Accountant.
Andrew Cross,miscarriage_schedule_hospital_admission_date,"Andrew was admitted to the hospital on March 12, 2024."
Andrew Cross,miscarriage_schedule_followup_appointment_date,"A follow‑up appointment is scheduled for April 1, 2024."
Andrew Cross,miscarriage_schedule_therapy_start_date,"Therapy sessions began on March 20, 2024."
Andrew Cross,miscarriage_schedule_support_group_meeting_date,"He attended a miscarriage support group meeting on March 25, 2024."
Andrew Cross,miscarriage_schedule_time_off_from_work_start,"His time off from work started on March 10, 2024."
Andrew Cross,miscarriage_finance_medical_expenses,"Medical expenses related to the miscarriage totaled $3,500."
Andrew Cross,miscarriage_finance_insurance_covered_amount,"His insurance covered $2,500 of the expenses."
Andrew Cross,miscarriage_finance_out_of_pocket_costs,"Andrew paid $1,000 out of pocket."
Andrew Cross,miscarriage_finance_paid_time_off_days,He used five paid time‑off days.
Andrew Cross,miscarriage_finance_loss_of_income,"The loss of income due to time off was $2,000."
Andrew Cross,miscarriage_mental_health_grief_level,Andrew experiences a severe level of grief.
Andrew Cross,miscarriage_mental_health_depression_score,His PHQ‑9 depression score is 18.
Andrew Cross,miscarriage_mental_health_anxiety_score,An anxiety assessment yielded a score of 15.
Andrew Cross,miscarriage_mental_health_therapy_sessions_attended,He has attended four therapy sessions.
Andrew Cross,miscarriage_mental_health_coping_mechanism,He copes with his grief through journaling.
Andrew Cross,miscarriage_education_pregnancy_care_class_attended,He did not attend a pregnancy‑care class.
Andrew Cross,miscarriage_education_postpartum_support_workshop,He attended a postpartum support workshop.
Andrew Cross,miscarriage_education_workshop_topic,The workshop topic was Coping with Pregnancy Loss.
Andrew Cross,miscarriage_education_workshop_date,"The workshop took place on April 5, 2024."
Andrew Cross,miscarriage_education_reading_materials,He is reading the Grief and Healing Handbook.
Andrew Cross,miscarriage_relationships_spouse_support_rating,Andrew rates his spouse's support as 9 out of 10.
Andrew Cross,miscarriage_relationships_family_visits_frequency,Family members visit daily.
Andrew Cross,miscarriage_relationships_friends_condolences_received,Friends have offered condolences.
Andrew Cross,miscarriage_relationships_children_awareness,His children are unaware of the miscarriage.
Andrew Cross,miscarriage_relationships_couple_therapy_sessions,The couple has attended two therapy sessions.
Andrew Cross,miscarriage_health_hormone_levels_hCG,Her hCG hormone level was low.
Andrew Cross,miscarriage_health_blood_pressure,Blood pressure measured 130 over 85.
Andrew Cross,miscarriage_health_postoperative_complications,There were no postoperative complications.
Andrew Cross,miscarriage_health_pain_score_day_of_event,Pain was rated 7 out of 10 on the day of the event.
Andrew Cross,miscarriage_health_recovery_days_estimated,Recovery is estimated to take fourteen days.
Andrew Cross,miscarriage_housing_temporary_accommodation_needed,No temporary accommodation was needed.
Andrew Cross,miscarriage_housing_home_cleanliness_rating,He rates his home cleanliness as 9 out of 10.
Andrew Cross,miscarriage_housing_neighborhood_support_resources,A local bereavement group is available in his neighborhood.
Andrew Cross,miscarriage_housing_noise_level_during_recovery,The noise level during recovery was low.
Andrew Cross,miscarriage_housing_parking_availability,Parking availability was adequate.
Andrew Cross,miscarriage_legal_medical_record_access_requested,He requested access to his medical records.
Andrew Cross,miscarriage_legal_insurance_claim_filed,An insurance claim for the miscarriage was filed.
Andrew Cross,miscarriage_legal_claim_number,The insurance claim number is INS-2024-0089.
Andrew Cross,miscarriage_legal_status,The claim status is approved.
Andrew Cross,miscarriage_legal_attorney_consulted,He did not consult an attorney.
Andrew Cross,miscarriage_employment_leave_type,He took FMLA leave.
Andrew Cross,miscarriage_employment_leave_duration_days,The leave lasted ten days.
Andrew Cross,miscarriage_employment_return_to_work_date,"He returned to work on March 22, 2024."
Andrew Cross,miscarriage_employment_manager_supportiveness,His manager's supportiveness was high.
Andrew Cross,miscarriage_employment_workload_adjustment,His workload was reduced upon return.
Ashley Garcia,name,Ashley Garcia is the person's name.
Ashley Garcia,sex,The person's sex is F.
Ashley Garcia,address,The person's address is 48163 Reed Stream
Ashley Garcia,age,The person is 61 years old.
Ashley Garcia,date_of_birth,"She was born on September 18, 1964."
Ashley Garcia,marital_status,Ashley is married.
Ashley Garcia,number_of_children,She has two children.
Ashley Garcia,primary_care_physician,Her primary care physician is Dr. Emily Thompson.
Ashley Garcia,current_employer,She works for Tech Innovations Inc.
Ashley Garcia,retirement_goal_age,Ashley aims to retire at age 65.
Ashley Garcia,retirement_planning_schedule_financial_meeting,"The financial meeting for retirement planning is scheduled for March 15, 2024 at 10:00 AM."
Ashley Garcia,retirement_planning_schedule_medical_exam,"A medical exam for retirement readiness is set for April 1, 2024 at 9:00 AM."
Ashley Garcia,retirement_planning_schedule_housing_consultation,"A housing consultation is planned for April 15, 2024 at 2:00 PM."
Ashley Garcia,retirement_planning_schedule_legal_review,"A legal review meeting is scheduled for April 20, 2024 at 11:00 AM."
Ashley Garcia,retirement_planning_schedule_social_security_workshop,"She will attend a Social Security workshop on May 5, 2024 at 1:00 PM."
Ashley Garcia,retirement_planning_finance_current_savings,"Ashley currently has $185,000 in retirement savings."
Ashley Garcia,retirement_planning_finance_target_savings,"Her target retirement savings amount is $750,000."
Ashley Garcia,retirement_planning_finance_monthly_contribution,"She contributes $1,200 each month toward retirement."
Ashley Garcia,retirement_planning_finance_estimated_pension,"Her estimated pension payout is $2,200 per month."
Ashley Garcia,retirement_planning_finance_investment_allocation,"Her investment allocation is 60% equities, 30% bonds, and 10% cash."
Ashley Garcia,retirement_planning_mental_anxiety_score,Ashley rates her retirement anxiety at 4 out of 10.
Ashley Garcia,retirement_planning_mental_confidence_level,Her confidence about retiring is 7 out of 10.
Ashley Garcia,retirement_planning_mental_stress_source,The main source of stress is uncertainty about healthcare costs.
Ashley Garcia,retirement_planning_mental_coping_strategy,She copes by attending weekly meditation sessions.
Ashley Garcia,retirement_planning_mental_mood_trend,Her mood has been improving over the past three months.
Ashley Garcia,retirement_planning_education_course_name,She completed the course titled Certified Financial Planner Basics.
Ashley Garcia,retirement_planning_education_completion_status,The course status is Completed.
Ashley Garcia,retirement_planning_education_certificate_id,Her certificate ID for the course is CFP-2024-007.
Ashley Garcia,retirement_planning_education_hours_spent,She spent 35 hours on the financial planning education.
Ashley Garcia,retirement_planning_education_online_platform,The course was taken on the Coursera platform.
Ashley Garcia,retirement_planning_relationship_spouse_support,Her spouse provides high support for her retirement plans.
Ashley Garcia,retirement_planning_relationship_children_involvement,Both of her children are occasionally consulted for advice.
Ashley Garcia,retirement_planning_relationship_friend_group,She participates in a monthly retirement discussion group with friends.
Ashley Garcia,retirement_planning_relationship_extended_family_meeting,"An extended family meeting about retirement is planned for June 10, 2024."
Ashley Garcia,retirement_planning_relationship_counselor_sessions,She attends biweekly sessions with a retirement counselor.
Ashley Garcia,retirement_planning_health_annual_checkup_date,"Her annual health checkup is scheduled for April 1, 2024."
Ashley Garcia,retirement_planning_health_blood_pressure,Her blood pressure reads 122 over 78 millimeters of mercury.
Ashley Garcia,retirement_planning_health_cholesterol_level,Her cholesterol level is 190 milligrams per deciliter.
Ashley Garcia,retirement_planning_health_vaccinations_up_to_date,All of her vaccinations are up to date.
Ashley Garcia,retirement_planning_health_vision_exam_result,Vision exam results are 20/25 in the right eye and 20/30 in the left eye.
Ashley Garcia,retirement_planning_housing_current_home_value,"Her current home is valued at $320,000."
Ashley Garcia,retirement_planning_housing_desired_downsize_location,She desires to downsize to the Lakeview Senior Community.
Ashley Garcia,retirement_planning_housing_downsize_budget,"Her budget for downscaling housing is $250,000."
Ashley Garcia,retirement_planning_housing_moving_timeline,She plans to move in September 2025.
Ashley Garcia,retirement_planning_housing_home_equity,"She has $115,000 in home equity."
Ashley Garcia,retirement_planning_legal_will_status,Her will was last updated in 2023.
Ashley Garcia,retirement_planning_legal_trust_established,No trust has been established.
Ashley Garcia,retirement_planning_legal_power_of_attorney,Power of attorney is designated to her spouse.
Ashley Garcia,retirement_planning_legal_pension_plan_review,"Her pension plan review was completed on April 20, 2024."
Ashley Garcia,retirement_planning_legal_social_security_benefit_estimate,"The estimated Social Security benefit is $1,800 per month."
Ashley Garcia,retirement_planning_employment_current_position,She holds the position of Senior Project Manager.
Ashley Garcia,retirement_planning_employment_years_of_service,She has 28 years of service with her employer.
Ashley Garcia,retirement_planning_employment_retirement_policy_eligible,She will be eligible for retirement benefits at age 62.
Ashley Garcia,retirement_planning_employment_pre_retirement_counseling,"Pre‑retirement counseling is scheduled for May 10, 2024."
Ashley Garcia,retirement_planning_employment_stock_options_value,"Her stock options are currently valued at $45,000."
Ashley Garcia,pending_legal_case_schedule_initial_hearing,"The initial hearing for the pending legal case is set for June 15, 2024 at 9:00 AM."
Ashley Garcia,pending_legal_case_schedule_discovery_deadline,"The discovery deadline is July 1, 2024."
Ashley Garcia,pending_legal_case_schedule_mediation_session,"A mediation session is scheduled for July 20, 2024 at 2:00 PM."
Ashley Garcia,pending_legal_case_schedule_trial_start,"The trial for the case is expected to start on September 5, 2024."
Ashley Garcia,pending_legal_case_schedule_judgment_date_estimated,"Judgment is estimated to be delivered on October 1, 2024."
Ashley Garcia,pending_legal_case_finance_estimated_attorney_fees,"Estimated attorney fees for the case are $12,500."
Ashley Garcia,pending_legal_case_finance_insurance_coverage,"Her insurance covers $5,000 of the legal expenses."
Ashley Garcia,pending_legal_case_finance_court_filing_fees,Court filing fees total $450.
Ashley Garcia,pending_legal_case_finance_monthly_budget_for_case,"She allocates $1,200 per month toward case costs."
Ashley Garcia,pending_legal_case_finance_reserved_savings_for_case,"She has reserved $8,000 in savings for the legal case."
Ashley Garcia,pending_legal_case_mental_stress_level,Her stress level related to the legal case is 8 out of 10.
Ashley Garcia,pending_legal_case_mental_sleep_quality,She averages about four hours of sleep each night.
Ashley Garcia,pending_legal_case_mental_coping_mechanism,She copes by attending weekly therapy sessions.
Ashley Garcia,pending_legal_case_mental_anxiety_triggers,The main anxiety trigger is uncertainty about the case outcome.
Ashley Garcia,pending_legal_case_mental_mood_over_last_month,Her mood over the last month has been fluctuating and generally low.
Ashley Garcia,pending_legal_case_education_seminar_attended,She attended a seminar titled Civil Litigation Basics.
Ashley Garcia,pending_legal_case_education_certificate_number,The certificate number for the seminar is CLB-2024-112.
Ashley Garcia,pending_legal_case_education_hours,She completed 12 hours of legal education.
Ashley Garcia,pending_legal_case_education_online_resource,She used LegalZoom as an online resource.
Ashley Garcia,pending_legal_case_education_prepared_documents_count,She prepared seven documents for the case.
Ashley Garcia,pending_legal_case_relationship_spouse_support_level,Her spouse provides moderate support during the legal proceedings.
Ashley Garcia,pending_legal_case_relationship_family_involvement,Two of her siblings are offering emotional support.
Ashley Garcia,pending_legal_case_relationship_friend_support_group,She attends monthly meetups with friends for support.
Ashley Garcia,pending_legal_case_relationship_legal_advisor,Her legal advisor is Attorney Michael Reed.
Ashley Garcia,pending_legal_case_relationship_counselor_sessions,She has biweekly counseling sessions related to the case.
Ashley Garcia,pending_legal_case_health_blood_pressure,Her blood pressure measures 130 over 85 mmHg.
Ashley Garcia,pending_legal_case_health_weight_change,She has gained three kilograms recently.
Ashley Garcia,pending_legal_case_health_mood_related_headaches,She experiences occasional headaches linked to mood.
Ashley Garcia,pending_legal_case_health_appetite,Her appetite has been reduced.
Ashley Garcia,pending_legal_case_health_physician_note,Her physician notes stress-related hypertension.
Ashley Garcia,pending_legal_case_housing_property_at_risk,Her property is not at risk due to the legal case.
Ashley Garcia,pending_legal_case_housing_mortgage_status,Her mortgage is current.
Ashley Garcia,pending_legal_case_housing_home_insurance,Home insurance remains active.
Ashley Garcia,pending_legal_case_housing_security_system_status,The security system on her home is operational.
Ashley Garcia,pending_legal_case_housing_possible_liens,No liens have been identified on her property.
Ashley Garcia,pending_legal_case_legal_case_type,The case is a contract dispute.
Ashley Garcia,pending_legal_case_legal_case_number,The case number is CV-2024-4598.
Ashley Garcia,pending_legal_case_legal_filed_date,"The case was filed on May 20, 2024."
Ashley Garcia,pending_legal_case_legal_opposing_party,The opposing party is Tech Solutions LLC.
Ashley Garcia,pending_legal_case_legal_current_status,The current status of the case is pending discovery.
Ashley Garcia,pending_legal_case_employment_current_role,She continues working as a Senior Project Manager.
Ashley Garcia,pending_legal_case_employment_paid_leave_balance,She has a paid leave balance of fifteen days.
Ashley Garcia,pending_legal_case_employment_flexible_work_arrangement,She works remotely two days per week under a flexible arrangement.
Ashley Garcia,pending_legal_case_employment_employer_support,Her employer provides a legal assistance plan.
Ashley Garcia,pending_legal_case_employment_potential_job_security_risk,The risk to her job security from the case is assessed as low.
Ashley Garcia,drug_rehab_schedule_initial_assessment,"The initial assessment for rehab is scheduled for June 1, 2024 at 10:00 AM."
Ashley Garcia,drug_rehab_schedule_group_therapy_sessions,"Group therapy sessions occur every Monday, Wednesday, and Friday at 3:00 PM."
Ashley Garcia,drug_rehab_schedule_individual_counseling,Individual counseling is held weekly on Tuesdays at 11:00 AM.
Ashley Garcia,drug_rehab_schedule_medical_checkups,Medical checkups are scheduled biweekly on Thursdays at 9:00 AM.
Ashley Garcia,drug_rehab_schedule_release_planning_meeting,"A release planning meeting is set for August 15, 2024 at 2:00 PM."
Ashley Garcia,drug_rehab_finance_total_cost_estimate,"The total estimated cost of the rehabilitation program is $18,000."
Ashley Garcia,drug_rehab_finance_insurance_coverage_amount,"Her insurance is expected to cover $7,500 of the rehab expenses."
Ashley Garcia,drug_rehab_finance_out_of_pocket_reserve,"She has set aside $2,500 as an out‑of‑pocket reserve."
Ashley Garcia,drug_rehab_finance_payment_plan_monthly,The payment plan requires $875 per month.
Ashley Garcia,drug_rehab_finance_scholarship_awarded,"She received a scholarship of $1,200 toward the rehab program."
Ashley Garcia,drug_rehab_mental_craving_intensity,Her current craving intensity is rated 5 out of 10.
Ashley Garcia,drug_rehab_mental_anxiety_level,She reports an anxiety level of 6 out of 10.
Ashley Garcia,drug_rehab_mental_depression_score,Her depression score is 7 out of 10.
Ashley Garcia,drug_rehab_mental_self_efficacy,She describes her self‑efficacy in recovery as moderate.
Ashley Garcia,drug_rehab_mental_support_group_participation,She attends a weekly support group.
Ashley Garcia,drug_rehab_education_substance_abuse_course,She completed a course titled Understanding Addiction.
Ashley Garcia,drug_rehab_education_certificate_id,The certificate ID for the course is UA-2024-033.
Ashley Garcia,drug_rehab_education_hours_completed,She completed 20 hours of education on substance abuse.
Ashley Garcia,drug_rehab_education_online_resources_used,She used SoberLiving.org as an online resource.
Ashley Garcia,drug_rehab_education_relapse_prevention_plan,A relapse prevention plan has been developed.
Ashley Garcia,drug_rehab_relationship_family_meeting_frequency,Family meetings are held biweekly.
Ashley Garcia,drug_rehab_relationship_spouse_support,Her spouse is highly supportive of her rehabilitation.
Ashley Garcia,drug_rehab_relationship_friend_visits_per_week,She receives three friend visits per week.
Ashley Garcia,drug_rehab_relationship_support_group_members,Her support group consists of eight members.
Ashley Garcia,drug_rehab_relationship_therapist_name,Her therapist is Dr. Linda Perez.
Ashley Garcia,drug_rehab_health_liver_function_test,Liver function tests returned normal results.
Ashley Garcia,drug_rehab_health_weight_change,She has lost two kilograms since starting rehab.
Ashley Garcia,drug_rehab_health_sleep_hours_per_night,She averages six hours of sleep each night.
Ashley Garcia,drug_rehab_health_nutrition_plan,Her nutrition plan focuses on high protein and low sugar.
Ashley Garcia,drug_rehab_health_vital_signs_stable,Her vital signs are currently stable.
Ashley Garcia,drug_rehab_housing_current_residence,She currently resides in her own home.
Ashley Garcia,drug_rehab_housing_temporary_sober_living_location,Temporary sober living is at a house five miles away.
Ashley Garcia,drug_rehab_housing_room_assigned,She has been assigned to Room 3B.
Ashley Garcia,drug_rehab_housing_lease_agreement_start,"The lease for sober living starts on June 1, 2024."
Ashley Garcia,drug_rehab_housing_lease_agreement_end,"The lease ends on December 1, 2024."
Ashley Garcia,drug_rehab_legal_probation_requirements,Probation requires monthly drug testing.
Ashley Garcia,drug_rehab_legal_court_order_status,The court order is currently active.
Ashley Garcia,drug_rehab_legal_parole_officer_name,Her parole officer is Officer James Liu.
Ashley Garcia,drug_rehab_legal_compliance_deadline,"All compliance requirements must be met by September 30, 2024."
Ashley Garcia,drug_rehab_legal_offense_type,The underlying offense is possession of a controlled substance.
Ashley Garcia,drug_rehab_employment_current_status,She is currently on medical leave from work.
Ashley Garcia,drug_rehab_employment_employer_name,Her employer is Tech Innovations Inc.
Ashley Garcia,drug_rehab_employment_job_protected,Her job is protected under the Family and Medical Leave Act.
Ashley Garcia,drug_rehab_employment_expected_return_date,"She expects to return to work on September 15, 2024."
Ashley Garcia,drug_rehab_employment_retraining_program,A stress management workshop has been scheduled for her.
Shawn Franklin,general_full_name,Shawn Franklin is the full name of the user.
Shawn Franklin,general_age,Shawn is 63 years old.
Shawn Franklin,general_sex,Shawn identifies as male.
Shawn Franklin,general_address,"Shawn lives at 8382 Adam Fort, Lake Kimberlyburgh, West Virginia 48656."
Shawn Franklin,general_occupation,Shawn worked most of his career as a senior electrician before retiring.
Shawn Franklin,general_monthly_income,"Shawn receives $2,800 per month in retirement and Social Security benefits."
Shawn Franklin,general_residence_type,Shawn owns a single-family home.
Shawn Franklin,general_marital_status,Shawn is currently married but is going through divorce proceedings.
Shawn Franklin,general_health_conditions,Shawn has hypertension and mild osteoarthritis.
Shawn Franklin,general_education_level,Shawn holds an associate degree in Electrical Technology.
Shawn Franklin,sexual_assault_schedule_therapy_monday_10am,Shawn attends therapy every Monday at 10:00 AM.
Shawn Franklin,sexual_assault_schedule_support_group_wednesday_6pm,Shawn participates in a survivor support group weekly on Wednesdays at 6:00 PM.
Shawn Franklin,sexual_assault_schedule_medical_checkup_friday_9am,Shawn has a medical check‑up scheduled on the first Friday of each month at 9:00 AM.
Shawn Franklin,sexual_assault_schedule_legal_consultation_tuesday_2pm,Shawn meets with his attorney every other Tuesday at 2:00 PM.
Shawn Franklin,sexual_assault_schedule_meditation_daily_7am,Shawn practices guided meditation each morning at 7:00 AM.
Shawn Franklin,sexual_assault_finance_therapy_cost_monthly,Shawn pays $150 each month for his therapy sessions.
Shawn Franklin,sexual_assault_finance_legal_fees_total,"Shawn has incurred a total of $4,200 in legal fees related to his case."
Shawn Franklin,sexual_assault_finance_medical_expenses_year,"Shawn’s medical expenses for the past year amount to $1,200."
Shawn Franklin,sexual_assault_finance_support_group_fee,The survivor support group charges Shawn $30 per session.
Shawn Franklin,sexual_assault_finance_unemployment_benefits,Shawn is not receiving unemployment benefits.
Shawn Franklin,sexual_assault_mental_health_ptsd_score,Shawn’s PTSD severity score on the PCL‑5 is 68.
Shawn Franklin,sexual_assault_mental_health_anxiety_level,Shawn reports a high level of anxiety.
Shawn Franklin,sexual_assault_mental_health_depression_scale,Shawn scored 15 on the PHQ‑9 depression scale.
Shawn Franklin,sexual_assault_mental_health_coping_mechanism,Shawn uses mindfulness‑based stress reduction as his primary coping mechanism.
Shawn Franklin,sexual_assault_mental_health_sleep_quality,"Shawn’s sleep quality is poor, averaging four hours per night."
Shawn Franklin,sexual_assault_education_advocacy_course_enrolled,Shawn is currently enrolled in a survivor advocacy course.
Shawn Franklin,sexual_assault_education_trauma_informed_care_certificate,Shawn earned a Trauma‑Informed Care certificate in June 2023.
Shawn Franklin,sexual_assault_education_support_group_training_hours,Shawn has completed 20 hours of support‑group facilitator training.
Shawn Franklin,sexual_assault_education_psychology_readings_completed,Shawn has finished reading 12 psychology articles related to trauma.
Shawn Franklin,sexual_assault_education_online_webinar_attended,Shawn attended four online webinars on survivor rights in 2024.
Shawn Franklin,sexual_assault_relationship_spouse_support,Shawn experiences limited emotional support from his spouse.
Shawn Franklin,sexual_assault_relationship_family_awareness,Shawn’s immediate family is aware of the assault.
Shawn Franklin,sexual_assault_relationship_friend_confidant,Shawn confides primarily in his long‑time friend Michael.
Shawn Franklin,sexual_assault_relationship_counselor_trust_level,Shawn trusts his counselor at a high level.
Shawn Franklin,sexual_assault_relationship_support_group_membership,Shawn is a member of the “Healing Voices” survivor support group.
Shawn Franklin,sexual_assault_health_physical_injuries_resolved,Shawn reports that all physical injuries from the assault have fully healed.
Shawn Franklin,sexual_assault_health_menstrual_irregularities,Menstrual irregularities are not applicable to Shawn.
Shawn Franklin,sexual_assault_health_hormone_therapy,Shawn is not undergoing any hormone therapy.
Shawn Franklin,sexual_assault_health_prescribed_medication,Shawn takes sertraline 50 mg daily for anxiety and depression.
Shawn Franklin,sexual_assault_health_chronic_pain_level,"Shawn experiences mild chronic pain, rating it 2 out of 10."
Shawn Franklin,sexual_assault_housing_temporary_safe_home,Shawn is temporarily staying with his sister for three months.
Shawn Franklin,sexual_assault_housing_living_arrangements_change,Shawn moved from his own home to his sister’s house after the incident.
Shawn Franklin,sexual_assault_housing_security_system_installed,Shawn installed motion‑sensor lights for added security at his sister’s residence.
Shawn Franklin,sexual_assault_housing_parking_near_therapy,Shawn has a reserved parking spot near the therapy clinic.
Shawn Franklin,sexual_assault_housing_rent_assistance_received,Shawn receives $500 per month in rent assistance from a victim assistance program.
Shawn Franklin,sexual_assault_legal_police_report_filed,"Shawn filed a police report on March 12, 2023."
Shawn Franklin,sexual_assault_legal_restraining_order_active,A restraining order protecting Shawn is active until December 2025.
Shawn Franklin,sexual_assault_legal_case_status_pending,"Shawn’s criminal case is currently pending, awaiting a trial date."
Shawn Franklin,sexual_assault_legal_attorney_retained,"Shawn retained attorney Jane L. Monroe, Esq., to represent him."
Shawn Franklin,sexual_assault_legal_criminal_charges_filed,Criminal charges of assault and battery have been filed against the perpetrator.
Shawn Franklin,sexual_assault_employment_work_hours_reduced,Shawn’s work hours have been reduced to 20 hours per week.
Shawn Franklin,sexual_assault_employment_sick_leave_taken,Shawn took 12 days of sick leave in 2023.
Shawn Franklin,sexual_assault_employment_occupational_therapy_support,Shawn receives a weekly occupational therapy session through his employer.
Shawn Franklin,sexual_assault_employment_disclosure_to_hr,Shawn disclosed the assault to HR in June 2023.
Shawn Franklin,sexual_assault_employment_job_performance_rating,Shawn’s latest performance rating is ‘Meets expectations’.
Shawn Franklin,sobriety_schedule_aa_meeting_monday_7pm,Shawn attends an AA meeting each Monday at 7:00 PM.
Shawn Franklin,sobriety_schedule_counseling_tuesday_10am,Shawn has a counseling session every Tuesday at 10:00 AM.
Shawn Franklin,sobriety_schedule_medication_review_wednesday_3pm,Shawn’s medication review occurs every other Wednesday at 3:00 PM.
Shawn Franklin,sobriety_schedule_exercise_jogging_6am_daily,Shawn goes for a jog each morning at 6:00 AM.
Shawn Franklin,sobriety_schedule_nutritionist_appointment_thursday_11am,Shawn meets with a nutritionist monthly on the first Thursday at 11:00 AM.
Shawn Franklin,sobriety_finance_monthly_savings_from_no_alcohol,Shawn saves $350 each month by not purchasing alcohol.
Shawn Franklin,sobriety_finance_rehab_program_cost_total,"Shawn has paid a total of $5,800 for his rehabilitation program."
Shawn Franklin,sobriety_finance_medication_expenses_monthly,Shawn’s medication expenses amount to $95 per month.
Shawn Franklin,sobriety_finance_legal_fines_paid,Shawn has paid $220 in legal fines related to prior DUI offenses.
Shawn Franklin,sobriety_finance_insurance_premium_reduction,Shawn’s auto‑insurance premium was reduced by 15% after obtaining a sobriety certification.
Shawn Franklin,sobriety_mental_health_craving_intensity,Shawn rates his alcohol craving intensity at a moderate 4 out of 10.
Shawn Franklin,sobriety_mental_health_mood_stability_score,Shawn’s mood stability score on the standardized scale is 78.
Shawn Franklin,sobriety_mental_health_self_efficacy_rating,Shawn feels a high level of self‑efficacy in maintaining sobriety.
Shawn Franklin,sobriety_mental_health_anxiety_level,Shawn experiences a low level of anxiety.
Shawn Franklin,sobriety_mental_health_therapy_sessions_attended,Shawn has attended 24 therapy sessions since beginning sobriety.
Shawn Franklin,sobriety_education_substance_abuse_course_completed,Shawn completed a substance‑abuse education course in August 2023.
Shawn Franklin,sobriety_education_relapse_prevention_workshop_hours,Shawn attended 12 hours of relapse‑prevention workshops.
Shawn Franklin,sobriety_education_nutrition_class_certificate,Shawn earned a certificate from a nutrition class in March 2024.
Shawn Franklin,sobriety_education_meditation_training_minutes_per_week,Shawn practices meditation for about 45 minutes each week.
Shawn Franklin,sobriety_education_health_literacy_score,Shawn’s health‑literacy assessment score is 88.
Shawn Franklin,sobriety_relationship_spouse_supportiveness,Shawn’s spouse is highly supportive of his sobriety.
Shawn Franklin,sobriety_relationship_family_attendance_at_meetings,Two of Shawn’s family members regularly attend his monthly AA meetings.
Shawn Franklin,sobriety_relationship_friend_triggers_awareness,Shawn’s close friends are aware of his triggers and avoid high‑risk situations.
Shawn Franklin,sobriety_relationship_mentor_sponsor_engagement,Shawn’s sobriety sponsor checks in with him weekly on Saturdays.
Shawn Franklin,sobriety_relationship_social_events_alcohol_free,Shawn attends three alcohol‑free social events each month.
Shawn Franklin,sobriety_health_liver_function_improved,Shawn’s liver enzyme levels (ALT/AST) have returned to normal.
Shawn Franklin,sobriety_health_weight_change,Shawn has gained 6 kg over the past eight months.
Shawn Franklin,sobriety_health_blood_pressure_normal,Shawn’s blood pressure is a healthy 118 over 76 mm Hg.
Shawn Franklin,sobriety_health_sleep_quality_improved,Shawn now averages seven hours of sleep each night.
Shawn Franklin,sobriety_health_prescribed_medication_for_depression,Shawn is not currently prescribed any medication for depression.
Shawn Franklin,sobriety_housing_stable_residence,Shawn continues to live in his owned home.
Shawn Franklin,sobriety_housing_environment_supportive,Shawn’s home environment is completely substance‑free.
Shawn Franklin,sobriety_housing_smoke_free_policy,Shawn enforces a strict no‑smoking policy inside his house.
Shawn Franklin,sobriety_housing_access_to_community_center,Shawn’s home is a five‑minute walk from the local community center.
Shawn Franklin,sobriety_housing_floorplan_modifications_for_parking,Shawn had a dedicated parking space added to his driveway.
Shawn Franklin,sobriety_legal_parole_completed,Shawn completed his parole requirements in June 2022.
Shawn Franklin,sobriety_legal_court_mandated_treatment_attended,Shawn attended and completed a court‑mandated 90‑day treatment program in 2023.
Shawn Franklin,sobriety_legal_driving_license_suspended_past,Shawn’s driver’s license was suspended for six months in 2021.
Shawn Franklin,sobriety_legal_child_custody_status,Shawn shares joint legal custody of his children with his spouse.
Shawn Franklin,sobriety_legal_probation_check_ins,Shawn has monthly probation officer check‑ins.
Shawn Franklin,sobriety_employment_job_title_retired,Shawn’s current employment status is retired senior electrician.
Shawn Franklin,sobriety_employment_work_hours_per_week,Shawn works 0 hours per week since retirement.
Shawn Franklin,sobriety_employment_performance_review_score,Performance reviews are not applicable to Shawn’s retired status.
Shawn Franklin,sobriety_employment_employee_assistance_program_usage,Shawn uses his former employer’s Employee Assistance Program for counseling.
Shawn Franklin,sobriety_employment_earnings_change_since_sobriety,"Since becoming sober, Shawn’s annual earnings have effectively increased by $1,200 due to reduced alcohol expenditures."
Shawn Franklin,divorce_schedule_court_hearing_date,"Shawn’s next court hearing is scheduled for October 15, 2024."
Shawn Franklin,divorce_schedule_mediation_session,"A mediation session is set for November 3, 2024 at 10:00 AM."
Shawn Franklin,divorce_schedule_lawyer_consultation,Shawn meets his divorce attorney every second Thursday at 2:30 PM.
Shawn Franklin,divorce_schedule_child_custody_evaluation,"The child custody evaluation is scheduled for December 12, 2024."
Shawn Franklin,divorce_schedule_financial_disclosure_deadline,"Shawn must submit his financial disclosure by September 30, 2024."
Shawn Franklin,divorce_finance_marital_assets_total_value,"The total value of Shawn’s marital assets is estimated at $210,000."
Shawn Franklin,divorce_finance_alimony_monthly_amount,"Shawn is obligated to pay $1,250 per month in alimony."
Shawn Franklin,divorce_finance_legal_fees_estimated,"Estimated legal fees for the divorce total $8,500."
Shawn Franklin,divorce_finance_home_equity_divided,"The home equity will be divided equally, 50% to each party."
Shawn Franklin,divorce_finance_retirement_account_split,Thirty percent of Shawn’s retirement account will be transferred to his spouse.
Shawn Franklin,divorce_mental_health_stress_score,Shawn’s stress level measured by a standardized scale is 72.
Shawn Franklin,divorce_mental_health_depression_level,Shawn reports a moderate level of depression.
Shawn Franklin,divorce_mental_health_coping_strategy_used,Shawn copes by attending weekly therapy and journaling.
Shawn Franklin,divorce_mental_health_sleep_disturbances,"Shawn experiences occasional insomnia, averaging five to six hours of sleep per night."
Shawn Franklin,divorce_mental_health_support_group_attendance,Shawn attends a bi‑weekly support group for individuals going through divorce.
Shawn Franklin,divorce_education_family_law_course_took,Shawn completed an online family law basics course in July 2024.
Shawn Franklin,divorce_education_financial_planning_workshop,Shawn attended a financial planning workshop in August 2024.
Shawn Franklin,divorce_education_emotional_intelligence_seminar,Shawn participated in an emotional intelligence seminar in September 2024.
Shawn Franklin,divorce_education_parenting_classes_attended,Shawn has completed two parenting classes.
Shawn Franklin,divorce_education_self_help_book_read,"Shawn finished reading the book ""The Truth About Divorce"" in March 2024."
Shawn Franklin,divorce_relationship_spouse_communication_frequency,Shawn communicates with his spouse three times per week via email.
Shawn Franklin,divorce_relationship_children_co_parenting_plan,Shawn and his spouse have a co‑parenting plan that gives joint custody with alternating weekends.
Shawn Franklin,divorce_relationship_extended_family_support,Shawn receives weekly emotional support from his parents and siblings.
Shawn Franklin,divorce_relationship_friends_support_level,Shawn’s friends are highly supportive and regularly host gatherings for him.
Shawn Franklin,divorce_relationship_new_partner_status,Shawn is currently not in a new romantic relationship.
Shawn Franklin,divorce_health_weight_change,Shawn has gained about four kilograms since filing for divorce.
Shawn Franklin,divorce_health_hypertension_status,Shawn’s hypertension is currently managed with medication.
Shawn Franklin,divorce_health_medication_for_anxiety,Shawn has a prescription for alprazolam 0.5 mg as needed for anxiety.
Shawn Franklin,divorce_health_regular_checkup_scheduled,"Shawn’s next annual physical is scheduled for November 20, 2024."
Shawn Franklin,divorce_health_sleep_quality,"Shawn’s sleep quality is variable, averaging about five hours per night."
Shawn Franklin,divorce_housing_current_residence_ownership,Shawn’s current residence is co‑owned with his spouse.
Shawn Franklin,divorce_housing_division_of_property_pending,The division of the marital property is pending a court decision.
Shawn Franklin,divorce_housing_child_custody_residence,The children primarily reside with their mother.
Shawn Franklin,divorce_housing_moving_plans_date,Shawn is planning to move to a downsized condo in January 2025.
Shawn Franklin,divorce_housing_rent_or_mortgage_payments,Shawn currently pays $900 toward the shared mortgage each month.
Shawn Franklin,divorce_legal_petition_filed_date,"Shawn filed the divorce petition on August 1, 2024."
Shawn Franklin,divorce_legal_case_number,The case number for Shawn’s divorce is WV‑2024‑DIV‑00987.
Shawn Franklin,divorce_legal_judge_assigned,Judge Elaine Harper has been assigned to Shawn’s divorce case.
Shawn Franklin,divorce_legal_divorce_finalized_date,The divorce is expected to be finalized by mid‑2025.
Shawn Franklin,divorce_legal_legal_aid_received,Shawn is receiving assistance from state legal‑aid services.
Shawn Franklin,divorce_employment_income_change_due_to_alimony,"Because of alimony payments, Shawn’s net monthly income has increased by $1,250."
Shawn Franklin,divorce_employment_work_schedule_flexibility,Shawn’s work schedule has become more flexible to accommodate court appearances.
Shawn Franklin,divorce_employment_job_security_concern,Shawn is concerned about low job security at his part‑time consulting role.
Shawn Franklin,divorce_employment_occupation_role,Shawn works as a part‑time electrical consultant.
Shawn Franklin,divorce_employment_retirement_plans_adjusted,Shawn has postponed withdrawing from his retirement account until 2026.
Rebecca Wang,name,Rebecca Wang is the person's name.
Rebecca Wang,sex,The person's sex is F.
Rebecca Wang,age,The person is 60 years old.
Rebecca Wang,address,The person's address is 62097 Jamie Mills Suite 169
Rebecca Wang,marital_status,Rebecca is married.
Rebecca Wang,number_of_children,Rebecca has two adult children.
Rebecca Wang,primary_residence_type,Rebecca's primary residence is a single-family home.
Rebecca Wang,years_of_residence_at_current_address,Rebecca has lived at her current address for twelve years.
Rebecca Wang,retirement_plan_status,Rebecca is enrolled in a 401(k) plan that includes an 8% employer match.
Rebecca Wang,primary_health_insurance_provider,Rebecca's primary health insurer is BlueCross BlueShield.
Rebecca Wang,favorite_hobby,Rebecca enjoys gardening in her free time.
Rebecca Wang,primary_language,Rebecca's primary language is English.
Rebecca Wang,job_promotion_schedule_daily_commute_time,"After the promotion, Rebecca's daily commute time is 45 minutes."
Rebecca Wang,job_promotion_schedule_meeting_days,"Rebecca now has scheduled meetings on Monday, Wednesday, and Friday."
Rebecca Wang,job_promotion_schedule_work_start_time,Rebecca's workday now starts at 8:00 AM.
Rebecca Wang,job_promotion_schedule_work_end_time,Rebecca's workday ends at 5:30 PM after her promotion.
Rebecca Wang,job_promotion_schedule_weekly_travel,Rebecca travels twice a week to the regional office for the new role.
Rebecca Wang,job_promotion_finance_new_salary,"Rebecca's new annual salary after promotion is $115,000."
Rebecca Wang,job_promotion_finance_bonus_amount,"Rebecca receives an annual performance bonus of $12,000."
Rebecca Wang,job_promotion_finance_retirement_contribution,Rebecca now contributes 10% of her salary to her retirement plan.
Rebecca Wang,job_promotion_finance_monthly_savings,"Rebecca saves $1,200 each month from her new income."
Rebecca Wang,job_promotion_finance_tax_bracket,Rebecca falls into the 24% marginal tax bracket after her raise.
Rebecca Wang,job_promotion_mental_health_stress_level,Rebecca reports a moderate level of stress after taking on new responsibilities.
Rebecca Wang,job_promotion_mental_health_job_satisfaction,Rebecca feels high job satisfaction following her promotion.
Rebecca Wang,job_promotion_mental_health_anxiety_frequency,Rebecca experiences anxiety about work once per week.
Rebecca Wang,job_promotion_mental_health_coping_mechanism,Rebecca copes with work stress by practicing daily meditation.
Rebecca Wang,job_promotion_mental_health_sleep_quality,Rebecca averages seven hours of sleep each night.
Rebecca Wang,job_promotion_education_full_time_mba,Rebecca completed a full‑time MBA in 2020.
Rebecca Wang,job_promotion_education_certs,Rebecca holds a PMP certification.
Rebecca Wang,job_promotion_education_training_hours,Rebecca has completed 40 hours of leadership training for her new role.
Rebecca Wang,job_promotion_education_ongoing_course,Rebecca is currently enrolled in an online course titled 'Leadership in Technology'.
Rebecca Wang,job_promotion_education_mentor,Rebecca's mentor for her new position is John Liu.
Rebecca Wang,job_promotion_relationships_spouse_support,Rebecca's spouse provides strong emotional support during the transition.
Rebecca Wang,job_promotion_relationships_children_congratulations,"Rebecca's two adult children, aged 32 and 28, congratulated her on the promotion."
Rebecca Wang,job_promotion_relationships_colleagues_new_respect,Rebecca's colleagues now hold high respect for her leadership.
Rebecca Wang,job_promotion_relationships_social_events_per_month,Rebecca attends three social events per month with her new network.
Rebecca Wang,job_promotion_relationships_family_meeting,Rebecca's family gathered for a celebratory dinner after she received the promotion.
Rebecca Wang,job_promotion_health_annual_checkup,Rebecca completed her annual health check‑up in September 2023.
Rebecca Wang,job_promotion_health_body_mass_index,Rebecca's body‑mass index is 27.
Rebecca Wang,job_promotion_health_blood_pressure,Rebecca's blood pressure measured 118 over 76.
Rebecca Wang,job_promotion_health_vitamins,Rebecca takes a daily multivitamin.
Rebecca Wang,job_promotion_health_flu_shot,Rebecca received her flu shot in October 2023.
Rebecca Wang,job_promotion_housing_mortgage_rate,Rebecca's mortgage interest rate is 3.5%.
Rebecca Wang,job_promotion_housing_home_value,"Rebecca's home is currently valued at $285,000."
Rebecca Wang,job_promotion_housing_property_tax,"Rebecca pays $2,500 in property taxes each year."
Rebecca Wang,job_promotion_housing_insurance_premium,"Rebecca's home insurance premium is $1,200 annually."
Rebecca Wang,job_promotion_housing_renovation_budget,"Rebecca allocated a $15,000 budget for home renovations."
Rebecca Wang,job_promotion_legal_contract_signed_date,"Rebecca signed her promotion contract on July 1, 2023."
Rebecca Wang,job_promotion_legal_non_compete_clause,Rebecca's contract includes a two‑year non‑compete clause.
Rebecca Wang,job_promotion_legal_benefits_enrollment,"Rebecca enrolled in the new benefits package on August 15, 2023."
Rebecca Wang,job_promotion_legal_will_update,"Rebecca updated her will on January 10, 2024 to reflect new assets."
Rebecca Wang,job_promotion_legal_power_of_attorney,Rebecca's power of attorney is assigned to her spouse.
Rebecca Wang,job_promotion_employment_new_title,Rebecca's new job title is Senior Director of Operations.
Rebecca Wang,job_promotion_employment_department,Rebecca now works in the Operations department.
Rebecca Wang,job_promotion_employment_manager,Rebecca reports directly to CEO Maria Torres.
Rebecca Wang,job_promotion_employment_employee_count,Rebecca manages a team of 120 employees.
Rebecca Wang,job_promotion_employment_performance_review_cycle,Rebecca's performance will be reviewed on an annual basis.
Rebecca Wang,lottery_win_schedule_charity_event_frequency,Rebecca now attends charity events on a quarterly basis.
Rebecca Wang,lottery_win_schedule_travel_vacations_per_year,Rebecca plans three major vacations each year.
Rebecca Wang,lottery_win_schedule_daily_hobby_time,Rebecca dedicates two hours daily to her gardening hobby.
Rebecca Wang,lottery_win_schedule_medical_appointments_per_year,Rebecca schedules two comprehensive medical appointments annually.
Rebecca Wang,lottery_win_schedule_volunteer_hours_weekly,Rebecca volunteers five hours each week at a local shelter.
Rebecca Wang,lottery_win_finance_windfall_amount,"Rebecca won a $2,000,000 lottery prize."
Rebecca Wang,lottery_win_finance_tax_liability_estimate,"Rebecca expects to owe approximately $600,000 in taxes on the lottery winnings."
Rebecca Wang,lottery_win_finance_investment_portfolio_value,"Rebecca allocated $1,200,000 of the winnings into a diversified investment portfolio."
Rebecca Wang,lottery_win_finance_annual_charity_donation,"Rebecca plans to donate $50,000 annually to charitable causes."
Rebecca Wang,lottery_win_finance_monthly_luxury_expenses,"Rebecca budgets $5,000 each month for luxury travel and experiences."
Rebecca Wang,lottery_win_mental_health_excitement_level,Rebecca feels a very high level of excitement after winning the lottery.
Rebecca Wang,lottery_win_mental_health_anxiety_about_spending,Rebecca experiences moderate anxiety regarding how to allocate her newfound wealth.
Rebecca Wang,lottery_win_mental_health_therapy_sessions_per_month,Rebecca attends one therapy session per month to process the financial change.
Rebecca Wang,lottery_win_mental_health_social_isolation,Rebecca reports a low level of social isolation despite her wealth.
Rebecca Wang,lottery_win_mental_health_happiness_score,Rebecca rates her overall happiness at 85 out of 100 after the win.
Rebecca Wang,lottery_win_education_funded_scholarships_per_year,Rebecca funds three scholarships each year for local students.
Rebecca Wang,lottery_win_education_personal_study_course,Rebecca enrolled in an online course on Estate Planning.
Rebecca Wang,lottery_win_education_donated_books_to_library,Rebecca donated 200 books to the community library.
Rebecca Wang,lottery_win_education_attended_financial_seminars,Rebecca attended two financial literacy seminars this year.
Rebecca Wang,lottery_win_education_grandchildren_college_fund,"Rebecca set aside $150,000 for her grandchildren's college education."
Rebecca Wang,lottery_win_relationships_spouse_discussion_frequency,Rebecca discusses financial decisions with her spouse on a daily basis.
Rebecca Wang,lottery_win_relationships_extended_family_gift_amount,"Rebecca gave each of her siblings $10,000 as a gift."
Rebecca Wang,lottery_win_relationships_friends_support_group,Rebecca maintains an active support group with close friends.
Rebecca Wang,lottery_win_relationships_children_financial_advice_sessions,Rebecca held three financial advice sessions with her adult children.
Rebecca Wang,lottery_win_relationships_community_board_membership,Rebecca joined the local community board after her win.
Rebecca Wang,lottery_win_health_comprehensive_physical_exam,Rebecca completed a comprehensive physical exam in November 2023.
Rebecca Wang,lottery_win_health_vaccination_updates,Rebecca received her COVID‑19 booster in December 2023.
Rebecca Wang,lottery_win_health_dental_care_plan,Rebecca upgraded to a premium dental care plan with full coverage.
Rebecca Wang,lottery_win_health_annual_vision_check,Rebecca has an annual vision check scheduled for March 2024.
Rebecca Wang,lottery_win_health_mental_wellness_retreats_per_year,Rebecca attends two mental‑wellness retreats each year.
Rebecca Wang,lottery_win_housing_new_property_value,"Rebecca purchased a new home valued at $850,000."
Rebecca Wang,lottery_win_housing_secondary_residence_location,Rebecca owns a lakefront cottage in Minnesota as a secondary residence.
Rebecca Wang,lottery_win_housing_mortgage_status,Rebecca's mortgage on her primary residence is now paid in full.
Rebecca Wang,lottery_win_housing_property_tax_estimate,"Rebecca expects to pay $4,200 in property taxes each year on her new home."
Rebecca Wang,lottery_win_housing_home_improvements_budget,"Rebecca allocated $100,000 for home improvements on her new property."
Rebecca Wang,lottery_win_legal_lottery_claim_filed_date,"Rebecca filed her lottery claim on June 15, 2023."
Rebecca Wang,lottery_win_legal_attorney_retainer_fee,"Rebecca paid a $15,000 retainer to her attorney for the lottery case."
Rebecca Wang,lottery_win_legal_trust_established,Rebecca established a revocable living trust to manage her assets.
Rebecca Wang,lottery_win_legal_will_amended_date,"Rebecca amended her will on February 1, 2024 to incorporate the lottery winnings."
Rebecca Wang,lottery_win_legal_tax_advisor_hired,Rebecca hired a tax advisor to handle the financial implications of her win.
Rebecca Wang,lottery_win_employment_current_status,Rebecca transitioned to a part‑time consulting role after winning.
Rebecca Wang,lottery_win_employment_new_business_venture,Rebecca founded an organic gardening supplies startup.
Rebecca Wang,lottery_win_employment_company_name,Rebecca's new company is called GreenLeaf Innovations LLC.
Rebecca Wang,lottery_win_employment_employee_hires,Rebecca hired five employees for her startup.
Rebecca Wang,lottery_win_employment_retirement_plan_choice,Rebecca selected a SEP IRA as the retirement plan for her company.
Rebecca Wang,weight_loss_journey_schedule_exercise_sessions_per_week,Rebecca exercises four times per week as part of her weight loss plan.
Rebecca Wang,weight_loss_journey_schedule_meal_preparation_day,Rebecca dedicates Sundays to preparing healthy meals for the week.
Rebecca Wang,weight_loss_journey_schedule_medical_checkup_frequency,Rebecca schedules quarterly medical check‑ups to monitor her progress.
Rebecca Wang,weight_loss_journey_schedule_group_support_meetings,Rebecca attends bi‑weekly weight‑loss support group meetings.
Rebecca Wang,weight_loss_journey_schedule_sleep_target_hours,Rebecca aims for eight hours of sleep each night.
Rebecca Wang,weight_loss_journey_finance_annual_gym_membership_fee,"Rebecca pays $1,200 annually for her gym membership."
Rebecca Wang,weight_loss_journey_finance_monthly_nutrition_budget,Rebecca allocates $300 each month for nutrition and healthy foods.
Rebecca Wang,weight_loss_journey_finance_weight_loss_program_cost,"Rebecca enrolled in a weight‑loss program costing $2,500."
Rebecca Wang,weight_loss_journey_finance_savings_from_reduced_eating_out,"Rebecca saves $1,800 each year by eating out less."
Rebecca Wang,weight_loss_journey_finance_medical_insurance_coverage_for_nutrition_counseling,Rebecca's insurance covers 80% of nutrition counseling fees.
Rebecca Wang,weight_loss_journey_mental_health_body_image_confidence_score,Rebecca rates her body‑image confidence at 78 out of 100.
Rebecca Wang,weight_loss_journey_mental_health_stress_level,Rebecca experiences a low level of stress while following her plan.
Rebecca Wang,weight_loss_journey_mental_health_mood_journal_entries_per_month,"Rebecca writes a mood journal entry each day, totaling 30 per month."
Rebecca Wang,weight_loss_journey_mental_health_support_group_size,Rebecca's weight‑loss support group consists of 12 members.
Rebecca Wang,weight_loss_journey_mental_health_anxiety_about_plateau,Rebecca feels occasional anxiety about hitting a weight‑loss plateau.
Rebecca Wang,weight_loss_journey_education_nutrition_course_completed,"Rebecca completed an online nutrition course on November 1, 2023."
Rebecca Wang,weight_loss_journey_education_fitness_certification,Rebecca earned a Certified Personal Trainer certification.
Rebecca Wang,weight_loss_journey_education_health_workshop_attendance,Rebecca attended three local health workshops this year.
Rebecca Wang,weight_loss_journey_education_read_books_on_behavior_change,Rebecca read five books on behavior change during her journey.
Rebecca Wang,weight_loss_journey_education_family_nutrition_seminar,Rebecca hosted a family nutrition seminar in July 2024.
Rebecca Wang,weight_loss_journey_relationships_spouse_workout_partner,Rebecca's spouse serves as her regular workout partner.
Rebecca Wang,weight_loss_journey_relationships_children_involved_in_meal_prep,Two of Rebecca's children help with weekly meal preparation.
Rebecca Wang,weight_loss_journey_relationships_social_circles_supportive,Rebecca's friends rate as highly supportive of her health goals.
Rebecca Wang,weight_loss_journey_relationships_group_walks_per_month,Rebecca organizes four group walks each month with neighbours.
Rebecca Wang,weight_loss_journey_relationships_shared_goals_with_family,Rebecca's family has collectively decided to adopt healthier eating habits.
Rebecca Wang,weight_loss_journey_health_current_weight_lbs,Rebecca currently weighs 165 pounds.
Rebecca Wang,weight_loss_journey_health_body_fat_percentage,Rebecca's body fat percentage is 27%.
Rebecca Wang,weight_loss_journey_health_blood_glucose_fasting,Rebecca's fasting blood glucose level measures 92 mg/dL.
Rebecca Wang,weight_loss_journey_health_cholesterol_total,Rebecca's total cholesterol is 185 mg/dL.
Rebecca Wang,weight_loss_journey_health_annual_physical_examination_date,"Rebecca's most recent annual physical was on April 10, 2024."
Rebecca Wang,weight_loss_journey_housing_adjusted_kitchen_appliances,Rebecca installed a steam oven in her kitchen in 2023 to support healthy cooking.
Rebecca Wang,weight_loss_journey_housing_home_gym_equipment,Rebecca equipped her home with a treadmill and free weights.
Rebecca Wang,weight_loss_journey_housing_garden_vegetable_plot_size_sqft,Rebecca cultivates a 300‑square‑foot vegetable garden.
Rebecca Wang,weight_loss_journey_housing_renovation_for_wellness_area,"Rebecca spent $12,000 renovating a wellness area in her home."
Rebecca Wang,weight_loss_journey_housing_energy_efficiency_upgrades,Rebecca upgraded to LED lighting throughout her house to improve energy efficiency.
Rebecca Wang,weight_loss_journey_legal_medical_consent_form_updated,"Rebecca updated her medical consent form on February 15, 2024."
Rebecca Wang,weight_loss_journey_legal_nutrition_plan_signed_by_dietitian,Rebecca has a signed nutrition plan from her registered dietitian.
Rebecca Wang,weight_loss_journey_legal_personal_trainer_contract_end_date,"Rebecca's personal trainer contract expires on December 31, 2024."
Rebecca Wang,weight_loss_journey_legal_life_insurance_policy_adjusted,"Rebecca increased her life‑insurance policy to $250,000."
Rebecca Wang,weight_loss_journey_legal_healthcare_proxy_designated_spouse,Rebecca designated her spouse as her healthcare proxy.
Rebecca Wang,weight_loss_journey_employment_work_hours_reduced,Rebecca reduced her work schedule to 30 hours per week to accommodate her health regimen.
Rebecca Wang,weight_loss_journey_employment_sick_leave_utilized_days,Rebecca utilized three sick‑leave days for doctor appointments related to her weight‑loss program.
Rebecca Wang,weight_loss_journey_employment_remote_work_days_per_week,Rebecca works remotely two days each week to better manage her exercise schedule.
Rebecca Wang,weight_loss_journey_employment_company_wellness_program_participation,Rebecca actively participates in her company's wellness program.
Rebecca Wang,weight_loss_journey_employment_job_title,Rebecca retains her title as Senior Director of Operations.
Karen Rowe,name,Karen Rowe is the person's name.
Karen Rowe,sex,The person's sex is F.
Karen Rowe,age,The person is 59 years old.
Karen Rowe,address,The person's address is 52365 Maxwell Ranch Suite 543
Karen Rowe,marital_status,Karen is married.
Karen Rowe,current_employment_position,Karen currently works as a Senior Manager at TechSolutions Inc.
Karen Rowe,current_annual_income,"Karen's annual income is $115,000."
Karen Rowe,primary_health_condition,Karen has a diagnosis of hypertension.
Karen Rowe,home_ownership_status,Karen owns a condominium.
Karen Rowe,education_level,Karen holds an MBA in Business Administration.
Karen Rowe,job_promotion_schedule_new_start_date,"The promotion's official start date is November 1, 2024."
Karen Rowe,job_promotion_schedule_weekly_meeting_time,Weekly team meetings are scheduled for Monday at 9:00 AM.
Karen Rowe,job_promotion_schedule_weekly_hours,Karen will be working 45 hours per week in the new role.
Karen Rowe,job_promotion_schedule_commute_time,The daily commute is expected to take about 30 minutes.
Karen Rowe,job_promotion_schedule_project_deadline,"A key project deadline is set for March 15, 2025."
Karen Rowe,job_promotion_finance_new_salary,"Karen's new annual salary after promotion is $130,000."
Karen Rowe,job_promotion_finance_bonus_amount,"She will receive a $15,000 performance bonus."
Karen Rowe,job_promotion_finance_retirement_contribution,Her retirement contribution will increase to 8% of her salary.
Karen Rowe,job_promotion_finance_tax_bracket,The promotion moves her into the 24% federal tax bracket.
Karen Rowe,job_promotion_finance_stock_option_grant,"She has been granted 2,000 stock options that vest over four years."
Karen Rowe,job_promotion_mental_health_stress_level,Karen reports a moderate stress level after the promotion.
Karen Rowe,job_promotion_mental_health_excitement_rating,She rates her excitement about the new role as 9 out of 10.
Karen Rowe,job_promotion_mental_health_coping_strategy,Her primary coping strategy is a daily 15‑minute meditation.
Karen Rowe,job_promotion_mental_health_therapy_session,"Karen has a therapy session scheduled for October 20, 2024."
Karen Rowe,job_promotion_mental_health_work_life_balance,She feels her work‑life balance has improved after the promotion.
Karen Rowe,job_promotion_education_leadership_course,Karen enrolled in the Harvard Online Leadership Essentials course.
Karen Rowe,job_promotion_education_certification,She earned a Project Management Professional (PMP) certification.
Karen Rowe,job_promotion_education_mentorship_program,She joined the company's Executive Mentorship Program.
Karen Rowe,job_promotion_education_conference_attended,Karen attended the 2024 Global Business Leaders Summit.
Karen Rowe,job_promotion_education_reading_materials,"She is reading ""The Innovator's Dilemma"" by Clayton Christensen."
Karen Rowe,job_promotion_relationships_manager_status,Karen's relationship with her manager is positive and supportive.
Karen Rowe,job_promotion_relationships_peer_change,Her peers now show increased respect toward her.
Karen Rowe,job_promotion_relationships_family_discussion,"The promotion was discussed with family over dinner on September 15, 2024."
Karen Rowe,job_promotion_relationships_social_event_planned,"A celebratory dinner is planned for November 5, 2024."
Karen Rowe,job_promotion_relationships_spouse_support_rating,Karen rates her spouse's support for the promotion as 10 out of 10.
Karen Rowe,job_promotion_health_bp_check_date,"She scheduled a blood pressure check for October 1, 2024."
Karen Rowe,job_promotion_health_sleep_hours_change,"Karen now sleeps an average of 7 hours per night, up from 6."
Karen Rowe,job_promotion_health_exercise_frequency,She exercises at the gym three times a week.
Karen Rowe,job_promotion_health_medication_adjustment,Her Lisinopril dosage was reduced to 10 mg daily.
Karen Rowe,job_promotion_health_doctor_appointment,"Karen has a doctor appointment on October 15, 2024."
Karen Rowe,job_promotion_housing_home_improvement_budget,"She allocated $8,000 for a kitchen remodel."
Karen Rowe,job_promotion_housing_moving_consideration,Karen is considering moving to a larger condo.
Karen Rowe,job_promotion_housing_mortgage_payment_change,"Her mortgage payment increased to $1,350 per month."
Karen Rowe,job_promotion_housing_home_insurance_update,Home insurance was upgraded to include personal liability coverage.
Karen Rowe,job_promotion_housing_utility_budget_adjustment,The utility budget was increased by $50 each month.
Karen Rowe,job_promotion_legal_contract_updated,"Karen's employment contract was revised on October 5, 2024."
Karen Rowe,job_promotion_legal_non_compete_reviewed,She reviewed the non-compete clause with her attorney.
Karen Rowe,job_promotion_legal_tax_withholding_form,Her W-4 tax withholding form was updated.
Karen Rowe,job_promotion_legal_pension_enrollment,"She enrolled in the company pension plan on October 10, 2024."
Karen Rowe,job_promotion_legal_consultation_date,"Karen consulted a corporate lawyer on September 28, 2024."
Karen Rowe,job_promotion_employment_new_title,Her new title is Director of Operations.
Karen Rowe,job_promotion_employment_new_responsibilities,She will oversee multiple departments and strategic initiatives.
Karen Rowe,job_promotion_employment_reporting_structure,Karen now reports directly to the Vice President of Operations.
Karen Rowe,job_promotion_employment_performance_metrics,Her performance metrics focus on cost reduction and team productivity.
Karen Rowe,job_promotion_employment_probation_period,The promotion includes a six‑month probation period.
Karen Rowe,surprise_event_schedule_event_date,"The surprise event is scheduled for December 20, 2024."
Karen Rowe,surprise_event_schedule_event_time,It will begin at 7:00 PM.
Karen Rowe,surprise_event_schedule_preparation_meeting_time,A final preparation meeting is set for December 18 at 3:00 PM.
Karen Rowe,surprise_event_schedule_RSVP_deadline,"Guests must RSVP by December 10, 2024."
Karen Rowe,surprise_event_schedule_cleanup_time,Cleanup is planned for 11:00 PM on the night of the event.
Karen Rowe,surprise_event_finance_total_budget,"The total budget for the event is $2,500."
Karen Rowe,surprise_event_finance_gift_expense_total,Gifts for the honoree cost $400 in total.
Karen Rowe,surprise_event_finance_catering_cost,"Catering expenses amount to $1,200."
Karen Rowe,surprise_event_finance_decorations_cost,Decorations cost $300.
Karen Rowe,surprise_event_finance_unexpected_refund,A vendor issued an unexpected refund of $150.
Karen Rowe,surprise_event_mental_health_emotion_rating,Karen feels excitement at a 9 out of 10 level.
Karen Rowe,surprise_event_mental_health_anxiety_pre,She experienced mild anxiety about keeping the event secret.
Karen Rowe,surprise_event_mental_health_joy_post,After the event she felt high joy and satisfaction.
Karen Rowe,surprise_event_mental_health_coping_method,She used deep breathing exercises before guests arrived.
Karen Rowe,surprise_event_mental_health_memory,She vividly remembers the surprise being revealed at 7:15 PM.
Karen Rowe,surprise_event_education_theme_research_time,Karen spent three hours researching a vintage 1920s theme.
Karen Rowe,surprise_event_education_DYDIY_decor_tutorials,She watched five YouTube tutorials on DIY centerpieces.
Karen Rowe,surprise_event_education_etiquette_course_reviewed,An online etiquette guide for formal events was reviewed.
Karen Rowe,surprise_event_education_volunteer_training,Karen completed a two‑hour volunteer coordination training.
Karen Rowe,surprise_event_education_cultural_reference_read,She read an article on the cultural significance of surprise parties.
Karen Rowe,surprise_event_relationships_organizer_relation,"The event was organized by her sister, Lisa Rowe."
Karen Rowe,surprise_event_relationships_attendees_number,Twelve close friends and family members attended.
Karen Rowe,surprise_event_relationships_family_reaction,Family expressed heartfelt gratitude after the surprise.
Karen Rowe,surprise_event_relationships_coworker_involvement,Two coworkers assisted in setting up decorations.
Karen Rowe,surprise_event_relationships_partner_support,Her partner James helped plan the menu.
Karen Rowe,surprise_event_health_alcohol_units,Five standard drinks were consumed during the event.
Karen Rowe,surprise_event_health_calorie_intake,"The total calorie intake was roughly 2,200 calories."
Karen Rowe,surprise_event_health_sleep_quality_post,After the event she slept six hours with moderate restfulness.
Karen Rowe,surprise_event_health_allergy_check,Allergy checks confirmed no guests had nut allergies.
Karen Rowe,surprise_event_health_first_aid_used,A bandage was applied for a minor cut on a guest.
Karen Rowe,surprise_event_housing_venue_location,The venue was a rented hall at 78 Oak Street in Campbellfurt.
Karen Rowe,surprise_event_housing_parking_spaces_reserved,Eight parking spaces were reserved for guests.
Karen Rowe,surprise_event_housing_home_cleaning_schedule,"A cleaning crew is scheduled for the morning of December 21, 2024."
Karen Rowe,surprise_event_housing_noise_complaint_records,There were no noise complaints recorded.
Karen Rowe,surprise_event_housing_temporary_lodging,One out‑of‑town guest stayed at a nearby hotel.
Karen Rowe,surprise_event_legal_noise_ordinance_checked,The event was confirmed to be within city noise limits.
Karen Rowe,surprise_event_legal_permit_acquired,"A special event permit was obtained on December 1, 2024."
Karen Rowe,surprise_event_legal_liability_insurance,"Liability insurance covering $100,000 was purchased."
Karen Rowe,surprise_event_legal_artist_agreement,"A contract with a live jazz trio was signed on December 5, 2024."
Karen Rowe,surprise_event_legal_alcohol_license_checked,The temporary alcohol license was verified as valid.
Karen Rowe,surprise_event_employment_time_off_used,Karen used two days of paid time off for the event.
Karen Rowe,surprise_event_employment_sick_day_balance_change,Her sick day balance remained unchanged.
Karen Rowe,surprise_event_employment_manager_approval,"The manager approved her leave on December 1, 2024."
Karen Rowe,surprise_event_employment_overtime_compensation,No overtime compensation was claimed.
Karen Rowe,surprise_event_employment_work_status_during_event,She worked remotely the day before and was fully off on the event day.
Karen Rowe,starting_business_schedule_launch_date,"The business launch is planned for February 1, 2025."
Karen Rowe,starting_business_schedule_registration_deadline,"Business registration must be completed by November 30, 2024."
Karen Rowe,starting_business_schedule_product_release,"The first product release is scheduled for June 15, 2025."
Karen Rowe,starting_business_schedule_marketing_campaign_start,"Marketing campaign will start on January 15, 2025."
Karen Rowe,starting_business_schedule_first_client_meeting,"The first client meeting is set for February 10, 2025."
Karen Rowe,starting_business_finance_startup_capital,"Startup capital consists of $75,000 from personal savings and seed investors."
Karen Rowe,starting_business_finance_monthly_burn_rate,"The projected monthly burn rate is $8,000."
Karen Rowe,starting_business_finance_projected_revenue_year1,"Projected revenue for the first year is $120,000."
Karen Rowe,starting_business_finance_loan_amount,"She secured a $20,000 small business loan."
Karen Rowe,starting_business_finance_equity_distribution,Equity will be distributed 30% to the co‑founder and 70% to Karen.
Karen Rowe,starting_business_mental_health_stress_level,Karen experiences high stress during the initial months of the startup.
Karen Rowe,starting_business_mental_health_confidence_rating,She rates her confidence in the venture at 7 out of 10.
Karen Rowe,starting_business_mental_health_support_group_sessions,Karen joined a local entrepreneur support group that meets monthly.
Karen Rowe,starting_business_mental_health_burnout_prevention_plan,She has a burnout prevention plan that includes weekly off‑days and regular exercise.
Karen Rowe,starting_business_mental_health_therapy_sessions,"Bi‑weekly therapy sessions began on October 1, 2024."
Karen Rowe,starting_business_education_course_enrolled,Karen enrolled in an online Small Business Management course.
Karen Rowe,starting_business_education_licensing_exam_prep,She is preparing for the state business license examination.
Karen Rowe,starting_business_education_mentorship_sessions,Monthly mentorship sessions are held with an experienced startup founder.
Karen Rowe,starting_business_education_industry_conference,Karen attended the 2024 National Startup Expo.
Karen Rowe,starting_business_education_books_read,"She has read ""The Lean Startup"" and ""Zero to One""."
Karen Rowe,starting_business_relationships_cofounder_status,Alex Martinez is the primary co‑founder.
Karen Rowe,starting_business_relationships_family_support_rating,Family support was rated 9 out of 10.
Karen Rowe,starting_business_relationships_networking_events,She attended four networking meetups in the past month.
Karen Rowe,starting_business_relationships_mentor_relationship,Mentor Dr. Elaine Rivera offers quarterly reviews.
Karen Rowe,starting_business_relationships_employee_hiring_plan,The hiring plan includes two part‑time staff by the third quarter of 2025.
Karen Rowe,starting_business_health_ergonomic_setup,Karen set up a standing desk with a monitor arm in her home office.
Karen Rowe,starting_business_health_vision_checkup,"An eye examination is scheduled for November 5, 2024."
Karen Rowe,starting_business_health_physical_activity_routine,She jogs three times a week for thirty minutes each session.
Karen Rowe,starting_business_health_sleep_hygiene_plan,Her sleep hygiene plan targets 7–8 hours of sleep and no screens after 10 PM.
Karen Rowe,starting_business_health_stress_management_technique,She practices box breathing to manage stress.
Karen Rowe,starting_business_housing_home_office_sqft,The home office occupies 150 square feet.
Karen Rowe,starting_business_housing_lease_modification,The lease was modified to allow limited business activities.
Karen Rowe,starting_business_housing_zoning_permit,Karen obtained a home‑based business zoning permit.
Karen Rowe,starting_business_housing_utility_upgrade,Internet service was upgraded to 1 Gbps fiber.
Karen Rowe,starting_business_housing_insurance_addendum,Her home insurance was amended to cover business equipment.
Karen Rowe,starting_business_legal_entity_type,The business is formed as a Limited Liability Company.
Karen Rowe,starting_business_legal_registration_number,The registration number is TN-LLC-2024-09876.
Karen Rowe,starting_business_legal_trademark_filed,"A trademark for ""EcoNest"" was filed on December 1, 2024."
Karen Rowe,starting_business_legal_operating_agreement,"The operating agreement was signed on November 20, 2024."
Karen Rowe,starting_business_legal_advisor_contact,"Her legal advisor is attorney Maya Patel, reachable at 555‑0198."
Karen Rowe,starting_business_employment_notice_given,"Karen submitted her two‑week resignation notice on September 30, 2024."
Karen Rowe,starting_business_employment_transition_plan,A four‑week transition plan was created to hand over projects.
Karen Rowe,starting_business_employment_new_role_title,Her new title is Founder & CEO of EcoNest LLC.
Karen Rowe,starting_business_employment_staff_hiring_schedule,The first staff hires are projected for July 2025.
Karen Rowe,starting_business_employment_severance_package,Karen received a severance package equivalent to three months' salary.
Jeffery Day,name,Jeffery Day is the person's name.
Jeffery Day,age,The person is 56 years old.
Jeffery Day,sex,The person's sex is M.
Jeffery Day,address,The person's address is 11853 Little Fords
Jeffery Day,marital_status,Jeffery is married.
Jeffery Day,spouse_name,Jeffery's spouse is named Linda Day.
Jeffery Day,occupation,Jeffery works as a senior project manager at a construction firm.
Jeffery Day,annual_income,"Jeffery's annual income is $95,000."
Jeffery Day,home_owned,Jeffery owns his home.
Jeffery Day,mortgage_balance,"The remaining mortgage balance on Jeffery's house is $120,000."
Jeffery Day,health_insurance_provider,Jeffery's health insurance is provided by Blue Cross Blue Shield.
Jeffery Day,primary_physician,Jeffery's primary physician is Dr. Susan Patel.
Jeffery Day,number_of_children,Jeffery has two children.
Jeffery Day,education_level,Jeffery holds a bachelor's degree in civil engineering.
Jeffery Day,mental_health_status,Jeffery's mental health is stable with occasional stress.
Jeffery Day,surprise_event_schedule_date,The surprise birthday party is scheduled for 2025-09-25.
Jeffery Day,surprise_event_preparations_start,Preparations for the surprise event began on 2025-09-20.
Jeffery Day,surprise_event_start_time,The surprise event starts at 7:00 PM.
Jeffery Day,surprise_event_end_time,The surprise event is expected to end at 11:00 PM.
Jeffery Day,surprise_event_reminder_set,A reminder for the surprise event has been set.
Jeffery Day,surprise_event_budget,"A budget of $2,000 was allocated for the surprise event."
Jeffery Day,surprise_event_catering_cost,Catering for the surprise event cost $800.
Jeffery Day,surprise_event_venue_rental,The venue rental for the surprise party cost $500.
Jeffery Day,surprise_event_gift_expense,Jeffery spent $300 on a birthday gift for the surprise event.
Jeffery Day,surprise_event_total_spent,"The total amount spent on the surprise event was $2,600."
Jeffery Day,surprise_event_anxiety_level_pre,Jeffery felt a moderate level of anxiety before learning about the surprise.
Jeffery Day,surprise_event_anxiety_level_post,"After the surprise, Jeffery's anxiety dropped to a low level."
Jeffery Day,surprise_event_happiness_rating,Jeffery rated his happiness after the surprise as 9 out of 10.
Jeffery Day,surprise_event_stress_reduction,The surprise event contributed to a reduction in Jeffery's stress.
Jeffery Day,surprise_event_mental_health_note,Jeffery felt valued and loved after the surprise.
Jeffery Day,surprise_event_guest_speaker_topic,A guest speaker at the surprise event presented on local history.
Jeffery Day,surprise_event_learning_materials_cost,No additional learning materials were purchased for the surprise event.
Jeffery Day,surprise_event_attendance_of_family_members,Twelve family members attended the surprise event.
Jeffery Day,surprise_event_new_skill_acquired,Jeffery acquired a small amount of public‑speaking skill while giving a toast at the surprise party.
Jeffery Day,surprise_event_reflection,Jeffery enjoyed hearing stories about the community during the surprise event.
Jeffery Day,surprise_event_spouse_role,Linda coordinated the decorations for Jeffery's surprise party.
Jeffery Day,surprise_event_child_participation,Jeffery's children helped set up balloons for the surprise event.
Jeffery Day,surprise_event_friend_invitations,Eight close friends were invited to Jeffery's surprise party.
Jeffery Day,surprise_event_relationship_strengthened,The surprise event strengthened Jeffery's relationships with his family and friends.
Jeffery Day,surprise_event_memorable_quote,"Jeffery exclaimed, ""Best surprise ever!"" during the party."
Jeffery Day,surprise_event_calorie_intake,"Jeffery consumed approximately 1,500 calories during the surprise party."
Jeffery Day,surprise_event_alcohol_consumed,He drank three beers at the celebration.
Jeffery Day,surprise_event_physical_activity_minutes,Jeffery spent about 30 minutes dancing at the surprise event.
Jeffery Day,surprise_event_health_check,No health issues were reported after the surprise party.
Jeffery Day,surprise_event_sleep_quality_night_after,Jeffery enjoyed good sleep quality the night after the surprise.
Jeffery Day,surprise_event_venue_location,The surprise party was held in the backyard of Jeffery's family home.
Jeffery Day,surprise_event_decorations_installed,All decorations for the surprise event were installed successfully.
Jeffery Day,surprise_event_noise_complaint_received,No noise complaints were received during the surprise party.
Jeffery Day,surprise_event_cleanup_time_hours,Cleaning up after the surprise event took about two hours.
Jeffery Day,surprise_event_home_improvements_due_to_event,The event prompted the installation of new outdoor lighting at Jeffery's home.
Jeffery Day,surprise_event_permit_obtained,No permit was required and thus not obtained for the surprise party.
Jeffery Day,surprise_event_liability_insurance,Liability insurance was not purchased for the surprise event.
Jeffery Day,surprise_event_alcohol_license,No special alcohol license was needed for the surprise party.
Jeffery Day,surprise_event_noise_ordinance_compliance,The surprise event complied with local noise ordinances.
Jeffery Day,surprise_event_contract_with_caterer,A contract with the caterer was signed for the surprise party.
Jeffery Day,surprise_event_time_off_requested,Jeffery requested two days of time off from work for the surprise event.
Jeffery Day,surprise_event_manager_approval,Jeffery's manager approved his time‑off request for the surprise party.
Jeffery Day,surprise_event_workload_adjusted,Jeffery's workload was adjusted to accommodate the surprise event.
Jeffery Day,surprise_event_productivity_change_next_day,Jeffery experienced a slight increase in productivity the day after the surprise party.
Jeffery Day,surprise_event_earned_recognition_at_work,Jeffery was mentioned in the company newsletter for his birthday surprise.
Jeffery Day,expecting_child_prenatal_appointment1_date,The first prenatal appointment is scheduled for 2025-10-10.
Jeffery Day,expecting_child_prenatal_appointment2_date,The second prenatal appointment is set for 2025-11-05.
Jeffery Day,expecting_child_childbirth_class_start,Childbirth classes begin on 2025-11-20.
Jeffery Day,expecting_child_hospital_pre_admission_form_submitted,The hospital pre‑admission form was submitted on 2025-12-01.
Jeffery Day,expecting_child_baby_shower_event_date,A baby shower is planned for 2025-12-15.
Jeffery Day,expecting_child_estimated_cost_per_year,"The estimated yearly cost for the new child is $12,000."
Jeffery Day,expecting_child_maternity_leave_savings,"Jeffery expects to save $3,000 during the maternity leave period."
Jeffery Day,expecting_child_baby_items_budget,"A budget of $5,000 has been set aside for baby items."
Jeffery Day,expecting_child_health_insurance_premium_increase,Health insurance premiums will increase by $200 per month after the child is added.
Jeffery Day,expecting_child_total_savings_goal,"Jeffery aims to have $20,000 saved before the child's birth."
Jeffery Day,expecting_child_stress_level,Jeffery reports a moderate stress level regarding the upcoming child.
Jeffery Day,expecting_child_anticipation_excitement_rating,He rates his excitement about the new child as 8 out of 10.
Jeffery Day,expecting_child_counseling_sessions_attended,Jeffery has attended two counseling sessions to prepare for parenthood.
Jeffery Day,expecting_child_support_group_meeting,He participates in a monthly support group for expectant parents.
Jeffery Day,expecting_child_sleep_quality,Jeffery's sleep quality has become slightly disturbed.
Jeffery Day,expecting_child_childbirth_class_topic,The childbirth class covers New Parents Basics.
Jeffery Day,expecting_child_childcare_course_enrollment,Jeffery is enrolled in a childcare course.
Jeffery Day,expecting_child_delivery_course_materials_cost,The delivery course materials cost $150.
Jeffery Day,expecting_child_early_child_development_book_owned,Jeffery owns a book on early child development.
Jeffery Day,expecting_child_kick_count_tracking_method,He tracks fetal kicks using a smartphone app.
Jeffery Day,expecting_child_spouse_support_rating,Jeffery rates his spouse's support as 9 out of 10.
Jeffery Day,expecting_child_family_discussion_frequency,The family discusses the upcoming child on a weekly basis.
Jeffery Day,expecting_child_friend_advice_given,Jeffery has received positive advice from friends about the new child.
Jeffery Day,expecting_child_partner_coooking_meals,His partner frequently cooks meals to support him during pregnancy.
Jeffery Day,expecting_child_extended_family_involvement,Extended family involvement in the upcoming birth is high.
Jeffery Day,expecting_child_fetal_heartbeat_detected,A fetal heartbeat has been detected.
Jeffery Day,expecting_child_maternal_weight_gain,The pregnant partner has gained 12 pounds.
Jeffery Day,expecting_child_vitamin_prenatal_intake,Prenatal vitamins include 400 mcg of folic acid.
Jeffery Day,expecting_child_regular_exercise_sessions_per_week,The expectant mother exercises three times per week.
Jeffery Day,expecting_child_pre_natal_checkup_results,All prenatal check‑up results have been normal.
Jeffery Day,expecting_child_nursery_room_prepared,The nursery room has been prepared for the new baby.
Jeffery Day,expecting_child_baby_proofing_completed,Baby‑proofing of the house is complete.
Jeffery Day,expecting_child_additional_bedroom_needed,No additional bedroom is needed for the baby.
Jeffery Day,expecting_child_home_insurance_policy_updated,The home insurance policy has been updated to cover the newborn.
Jeffery Day,expecting_child_utility_usage_increase_estimate,Utility usage is expected to increase by about 5% after the baby arrives.
Jeffery Day,expecting_child_paternity_registration_filed,Jeffery has filed a paternity registration.
Jeffery Day,expecting_child_birth_certificate_application_prepared,The birth certificate application has been prepared.
Jeffery Day,expecting_child_child_support_agreement,There is no child support agreement needed for this birth.
Jeffery Day,expecting_child_will_updated_to_include_child,Jeffery's will has been updated to include the new child.
Jeffery Day,expecting_child_parental_leave_rights_confirmed,His parental leave rights have been confirmed under company policy.
Jeffery Day,expecting_child_paternity_leave_requested,Jeffery requested two weeks of paternity leave.
Jeffery Day,expecting_child_employer_flexible_schedule_approved,His employer approved a flexible work schedule during the pregnancy.
Jeffery Day,expecting_child_project_deadlines_extended,Project deadlines have been extended to accommodate the upcoming birth.
Jeffery Day,expecting_child_remote_work_days_per_week,He will work remotely two days per week during the final months.
Jeffery Day,expecting_child_performance_review_impacted,The upcoming birth will not affect his performance review.
Jeffery Day,alcoholism_treatment_intake_appointment_date,The intake appointment for alcoholism treatment is scheduled for 2025-09-01.
Jeffery Day,alcoholism_counseling_session_weekly_day,Counseling sessions are held every Wednesday.
Jeffery Day,alcoholism_support_group_meeting_time,Support group meetings occur at 6:00 PM.
Jeffery Day,alcoholism_medication_dose_schedule,Medication for alcoholism is taken each morning.
Jeffery Day,alcoholism_sobriety_anniversary_date,Jeffery's sobriety anniversary is on 2025-09-20.
Jeffery Day,alcoholism_rehab_program_cost,"The rehabilitation program costs $15,000."
Jeffery Day,alcoholism_insurance_coverage_percent,His health insurance covers 80% of the rehab expenses.
Jeffery Day,alcoholism_out_of_pocket_expense,"Jeffery will pay $3,000 out of pocket for treatment."
Jeffery Day,alcoholism_monthly_savings_due_to_no_alcohol,He saves about $250 each month by not purchasing alcohol.
Jeffery Day,alcoholism_fine_or_legal_fees,No fines or legal fees have been incurred related to the alcoholism.
Jeffery Day,alcoholism_depression_score_pre_treatment,His depression score before treatment was 7.
Jeffery Day,alcoholism_anxiety_score_pre_treatment,His anxiety score before treatment was 6.
Jeffery Day,alcoholism_mood_improvement_rating,He rates his mood improvement after treatment as 8 out of 10.
Jeffery Day,alcoholism_cravings_frequency_per_week,He experiences alcohol cravings about once per week.
Jeffery Day,alcoholism_self_efficacy_score,His self‑efficacy score for staying sober is 9.
Jeffery Day,alcoholism_aa_12_step_program_completed,He has completed three chapters of the AA 12‑step program.
Jeffery Day,alcoholism_substance_abuse_education_course_completed,Jeffery completed a substance‑abuse education course.
Jeffery Day,alcoholism_nutrition_workshop_attended,He attended a nutrition workshop as part of his recovery.
Jeffery Day,alcoholism_relapse_prevention_training_hours,He completed five hours of relapse‑prevention training.
Jeffery Day,alcoholism_book_read_title,"He has read ""Alcoholics Anonymous: The Big Book""."
Jeffery Day,alcoholism_spouse_support_level,His spouse rates her support for his recovery as 8 out of 10.
Jeffery Day,alcoholism_family_meeting_attended,The family attended a meeting to discuss his alcoholism.
Jeffery Day,alcoholism_friend_sobriety_support_group,Two close friends are part of his sobriety support group.
Jeffery Day,alcoholism_relationship_strain_before,"Prior to treatment, relationship strain was moderate."
Jeffery Day,alcoholism_improved_communication_score,Communication with his spouse improved to a score of 9.
Jeffery Day,alcoholism_liver_function_test_result,Liver function tests returned normal results.
Jeffery Day,alcoholism_blood_pressure,His blood pressure is 120 over 78.
Jeffery Day,alcoholism_weight_change_since_start,He has lost 5 pounds since beginning treatment.
Jeffery Day,alcoholism_sleep_quality_improved,His sleep quality has improved to good.
Jeffery Day,alcoholism_medication_name,He is prescribed Naltrexone to aid sobriety.
Jeffery Day,alcoholism_home_environment_cleaned_of_alcohol,All alcohol has been removed from the home environment.
Jeffery Day,alcoholism_safe_storage_removed,Safe storage for alcohol has been eliminated.
Jeffery Day,alcoholism_no_visitor_alcohol_policy,A no‑visitor‑alcohol policy is now in place.
Jeffery Day,alcoholism_additional_security_measures_installed,No additional security measures were installed.
Jeffery Day,alcoholism_residence_stability,His residence remains stable during recovery.
Jeffery Day,alcoholism_DUI_charge_filed,No DUI charge has been filed against Jeffery.
Jeffery Day,alcoholism_license_suspension,His driver's license has not been suspended.
Jeffery Day,alcoholism_court_mandated_treatment,He is not under a court‑mandated treatment program.
Jeffery Day,alcoholism_child_custody_status,His child custody arrangement remains unchanged.
Jeffery Day,alcoholism_insurance_policy_update_due_to_alcohol,No insurance policy update was required because of alcohol use.
Jeffery Day,alcoholism_work_performance_rating_before,His work performance rating before treatment was 6.
Jeffery Day,alcoholism_work_performance_rating_after,His work performance rating after treatment improved to 8.
Jeffery Day,alcoholism_absenteeism_days_last_month,He recorded zero absenteeism days in the last month.
Jeffery Day,alcoholism_employee_assistance_program_used,Jeffery used the employee assistance program for counseling.
Jeffery Day,alcoholism_job_security_status,His job security is considered secure.
Paula Phillips,general_full_name,Paula Phillips is her full name.
Paula Phillips,general_sex,She is female.
Paula Phillips,general_address,"She lives at 783 Wesley Rue Suite 822, Kellyton, IA 69460."
Paula Phillips,general_age,She is 31 years old.
Paula Phillips,general_current_employment,She works as a Marketing Manager at Midwest Goods.
Paula Phillips,general_annual_income,"Her annual income is $78,000."
Paula Phillips,general_marital_status,She is married to Daniel Phillips.
Paula Phillips,general_number_of_children,She has no children.
Paula Phillips,general_primary_health_insurance,Her primary health insurance provider is Blue Cross Blue Shield.
Paula Phillips,general_highest_education,She holds a Bachelor's degree in Business Administration.
Paula Phillips,general_mental_health_status,Her mental health is generally stable with occasional work stress.
Paula Phillips,general_housing_status,She currently rents a two‑bedroom apartment.
Paula Phillips,general_bank_balance,"Her bank balance is $12,000."
Paula Phillips,general_credit_score,Her credit score is 720.
Paula Phillips,lottery_win_schedule_weekly_philanthropy_planning,Paula now allocates three evenings per week to philanthropic planning.
Paula Phillips,lottery_win_schedule_bahamas_vacation,She scheduled a two‑week vacation to the Bahamas in June 2024.
Paula Phillips,lottery_win_schedule_monthly_charity_gala,Paula attends a monthly charity gala every second Friday.
Paula Phillips,lottery_win_schedule_financial_advisor_meeting,She meets with her financial advisor every Thursday at 10 am.
Paula Phillips,lottery_win_schedule_reduced_work_hours,Paula reduced her work hours to three days per week.
Paula Phillips,lottery_win_finance_winnings_amount,"She won $2,000,000 in the lottery."
Paula Phillips,lottery_win_finance_current_bank_balance,"Her current bank balance is $2,410,000."
Paula Phillips,lottery_win_finance_annual_tax_liability,"She expects an annual tax liability of $600,000 from the winnings."
Paula Phillips,lottery_win_finance_charitable_donations_annual,"She plans to donate $150,000 annually to charitable causes."
Paula Phillips,lottery_win_finance_investment_portfolio_value,"Her investment portfolio is valued at $500,000."
Paula Phillips,lottery_win_mental_health_stress_level,Paula experiences a moderate stress level after winning.
Paula Phillips,lottery_win_mental_health_excitement_level,Her excitement level about the win is high.
Paula Phillips,lottery_win_mental_health_therapy_sessions_per_month,She attends two therapy sessions per month.
Paula Phillips,lottery_win_mental_health_sleep_quality_change,Her sleep quality has improved thanks to financial security.
Paula Phillips,lottery_win_mental_health_anxiety_about_spending,She feels some anxiety about how to spend the money.
Paula Phillips,lottery_win_education_philanthropy_certificate,Paula enrolled in a Certificate in Philanthropic Management at the University of Iowa.
Paula Phillips,lottery_win_education_investment_books_read,She has read twelve books about investing.
Paula Phillips,lottery_win_education_personal_finance_course,She completed an online Personal Finance 101 course.
Paula Phillips,lottery_win_education_financial_literacy_workshop,Paula participated in a financial literacy workshop.
Paula Phillips,lottery_win_education_mentorship_program_slot,She secured a slot in a philanthropy mentorship program.
Paula Phillips,lottery_win_relationships_spouse_support_rating,Her spouse rates his support for her at 9 out of 10.
Paula Phillips,lottery_win_relationships_family_conflict_level,Family conflict over the winnings is low.
Paula Phillips,lottery_win_relationships_friends_reaction,Friends have a mixed reaction of envy and support.
Paula Phillips,lottery_win_relationships_new_social_connections,She joined a high‑net‑worth networking group.
Paula Phillips,lottery_win_relationships_weekly_date_nights,Paula and her spouse have weekly date nights.
Paula Phillips,lottery_win_health_annual_physical_exam,She completed her annual physical exam in March 2024 with all results normal.
Paula Phillips,lottery_win_health_dental_checkup,Her dental checkup is scheduled for July 2024.
Paula Phillips,lottery_win_health_gym_membership_upgraded,She upgraded to a premium gym membership in January 2024.
Paula Phillips,lottery_win_health_insurance_premium_change,Her health‑insurance premium increased by 10 % after the win.
Paula Phillips,lottery_win_health_vitamin_supplementation,She started taking a daily Omega‑3 supplement.
Paula Phillips,lottery_win_housing_new_primary_residence,"Paula bought a 3‑bedroom house in Des Moines for $450,000."
Paula Phillips,lottery_win_housing_mortgage_amount,"She has a mortgage of $300,000 on the new house."
Paula Phillips,lottery_win_housing_property_tax_annual,"The annual property tax on the house is $5,500."
Paula Phillips,lottery_win_housing_home_insurance_policy,"Her home insurance policy with Allstate costs $1,200 per year."
Paula Phillips,lottery_win_housing_renovation_budget,"She allocated $50,000 for house renovations."
Paula Phillips,lottery_win_legal_claim_filing_date,"She filed the lottery claim on April 12, 2024."
Paula Phillips,lottery_win_legal_attorney_retained,Paula retained the law firm Smith & Partners for the claim.
Paula Phillips,lottery_win_legal_fee_estimate,"The estimated legal fees are $25,000."
Paula Phillips,lottery_win_legal_trust_created,"She created a Revocable Living Trust on May 1, 2024."
Paula Phillips,lottery_win_legal_will_updated,"Her will was updated on May 15, 2024 to reflect the $2 M assets."
Paula Phillips,lottery_win_employment_current_job_status,Paula now works part‑time as a Marketing Consultant two days a week.
Paula Phillips,lottery_win_employment_new_project,Her current project is developing a brand strategy for a non‑profit.
Paula Phillips,lottery_win_employment_salary_change,"Her monthly income decreased to $4,000 after switching to part‑time."
Paula Phillips,lottery_win_employment_professional_network,She joined an Executive Club to expand her professional network.
Paula Phillips,lottery_win_employment_future_career_plan,Paula is considering moving into a full‑time philanthropy advisor position.
Paula Phillips,career_change_schedule_bootcamp_schedule,She attends a data‑science bootcamp Mon‑Wed 6‑9 pm for twelve weeks.
Paula Phillips,career_change_schedule_new_work_hours,Her new work schedule is 9 am‑5 pm Monday through Friday.
Paula Phillips,career_change_schedule_commute_time,Her daily commute increased to 45 minutes each way.
Paula Phillips,career_change_schedule_weekly_study_hours,She spends ten hours per week on coursework.
Paula Phillips,career_change_schedule_weekend_hobby_time,Paula reserves Saturday mornings for hiking.
Paula Phillips,career_change_finance_tuition_cost,"The tuition for her bootcamp is $12,000."
Paula Phillips,career_change_finance_scholarship_awarded,"She received a $3,000 scholarship toward tuition."
Paula Phillips,career_change_finance_salary_before,"Her salary before the change was $78,000."
Paula Phillips,career_change_finance_salary_after,"Her projected salary after the change is $65,000."
Paula Phillips,career_change_finance_student_loan_balance,"She has $9,000 remaining on her student loan."
Paula Phillips,career_change_mental_health_confidence_level,Paula feels a moderate level of confidence in her new career.
Paula Phillips,career_change_mental_health_stress_due_to_learning_curve,She experiences high stress due to the learning curve.
Paula Phillips,career_change_mental_health_spouse_support,Her spouse provides strong emotional support.
Paula Phillips,career_change_mental_health_therapy_continues,She continues weekly therapy sessions.
Paula Phillips,career_change_mental_health_burnout_risk,Her burnout risk is assessed as medium.
Paula Phillips,career_change_education_degree_pursued,Paula is pursuing a Data Science Certificate.
Paula Phillips,career_change_education_institution,She is studying at General Assembly.
Paula Phillips,career_change_education_graduation_estimated,Her estimated graduation date is December 2024.
Paula Phillips,career_change_education_certifications_earned,She has earned Python and SQL certifications.
Paula Phillips,career_change_education_course_completion_rate,Her course completion rate is 95 %.
Paula Phillips,career_change_relationships_spouse_discussions,Paula and her spouse held three in‑depth conversations about the career change.
Paula Phillips,career_change_relationships_family_approval,Her parents are supportive of the new direction.
Paula Phillips,career_change_relationships_friend_network_change,She joined a local tech meetup to expand her friend network.
Paula Phillips,career_change_relationships_date_night_frequency,Date nights have been reduced to every two weeks.
Paula Phillips,career_change_relationships_children_impact,"The career change has no impact on children, as she has none."
Paula Phillips,career_change_health_ergonomics_setup,She bought a standing desk for better ergonomics.
Paula Phillips,career_change_health_eye_strain_incidents,Paula reports occasional eye strain after coding.
Paula Phillips,career_change_health_exercise_routine_change,She added a 30‑minute cardio session after work.
Paula Phillips,career_change_health_sleep_pattern_change,Her bedtime shifted to 11 pm.
Paula Phillips,career_change_health_upcoming_checkup,She has a health checkup scheduled for August 2024.
Paula Phillips,career_change_housing_home_office_created,Paula converted her spare bedroom into a home office.
Paula Phillips,career_change_housing_electricity_bill_increase,Her electricity bill increased by $50 monthly.
Paula Phillips,career_change_housing_moving_plans,She is considering moving closer to a tech hub.
Paula Phillips,career_change_housing_renter_insurance_update,Her renter's insurance now includes equipment coverage.
Paula Phillips,career_change_housing_lease_end_date,Her current lease ends in December 2024.
Paula Phillips,career_change_legal_contract_termination,"She terminated her contract and resigned on June 1, 2024."
Paula Phillips,career_change_legal_non_compete_review,Her previous employment had no non‑compete restrictions.
Paula Phillips,career_change_legal_professional_license_application,She applied for a Data Analyst professional certification.
Paula Phillips,career_change_legal_resume_linkedin_update,Paula updated her resume and LinkedIn profile in July 2024.
Paula Phillips,career_change_legal_new_employment_agreement,She signed an employment agreement with DataCo LLC starting August 2024.
Paula Phillips,career_change_employment_new_job_title,Her new job title is Junior Data Analyst.
Paula Phillips,career_change_employment_new_employer,She will work for DataCo LLC.
Paula Phillips,career_change_employment_probation_period,Her probation period is three months.
Paula Phillips,career_change_employment_expected_salary,"Her expected salary is $68,000."
Paula Phillips,career_change_employment_responsibilities,"Her responsibilities include data cleaning, visualization, and reporting."
Paula Phillips,infidelity_schedule_therapy_sessions_added,Paula attends individual therapy twice weekly.
Paula Phillips,infidelity_schedule_legal_consultations,She meets with her divorce attorney every Thursday.
Paula Phillips,infidelity_schedule_reduced_social_events,"She has reduced attendance at social events, participating only in family gatherings."
Paula Phillips,infidelity_schedule_no_date_nights,Paula no longer schedules date nights.
Paula Phillips,infidelity_schedule_court_appointment,She has a court appearance scheduled for October 2024.
Paula Phillips,infidelity_finance_marital_assets_split_estimate,"The estimated split of marital assets is $1,200,000."
Paula Phillips,infidelity_finance_spousal_support_received,"She receives $2,500 per month in spousal support."
Paula Phillips,infidelity_finance_counseling_expense,She spends $300 per month on counseling.
Paula Phillips,infidelity_finance_credit_card_debt,"Her credit card debt totals $5,000."
Paula Phillips,infidelity_finance_emergency_fund,"She maintains an emergency fund of $25,000."
Paula Phillips,infidelity_mental_health_depression_score,Paula's depression level is moderate.
Paula Phillips,infidelity_mental_health_anxiety_level,Her anxiety level is high.
Paula Phillips,infidelity_mental_health_self_esteem,Her self‑esteem has decreased.
Paula Phillips,infidelity_mental_health_coping_mechanisms,She copes through journaling and yoga.
Paula Phillips,infidelity_mental_health_sleep_quality,"She experiences interrupted sleep, averaging five hours per night."
Paula Phillips,infidelity_education_self_help_books_read,She has read eight self‑help books on recovery after betrayal.
Paula Phillips,infidelity_education_communication_workshop,Paula enrolled in a Communication Skills workshop.
Paula Phillips,infidelity_education_emotional_intelligence_course,She completed a six‑week emotional intelligence online course.
Paula Phillips,infidelity_education_degree_progress,Her degree progress remains unchanged.
Paula Phillips,infidelity_education_relationship_healing_retreat,She attended a weekend retreat focused on relationship healing.
Paula Phillips,infidelity_relationships_marital_status,Paula is currently separated from her spouse.
Paula Phillips,infidelity_relationships_trust_level_spouse,Her trust in her spouse is very low.
Paula Phillips,infidelity_relationships_friend_support,She receives high support from friends.
Paula Phillips,infidelity_relationships_new_relationship_status,Paula is single and open to dating.
Paula Phillips,infidelity_relationships_family_dynamic_change,Her parents are providing emotional support during this time.
Paula Phillips,infidelity_health_blood_pressure,Her blood pressure is slightly elevated at 130 over 85.
Paula Phillips,infidelity_health_weight_change,She has gained five pounds.
Paula Phillips,infidelity_health_medication_started,Paula started a low‑dose SSRI medication.
Paula Phillips,infidelity_health_gym_attendance,She now goes to the gym once a week.
Paula Phillips,infidelity_health_insurance_status,Her health insurance remains under her spouse's plan until separation is finalized.
Paula Phillips,infidelity_housing_living_arrangement,Paula lives in a separate apartment in the same city.
Paula Phillips,infidelity_housing_primary_residence_status,The jointly owned house remains unoccupied by her.
Paula Phillips,infidelity_housing_utility_bill_split,Utility bills are split evenly between Paula and her spouse.
Paula Phillips,infidelity_housing_moving_costs_estimated,"Moving costs are estimated at $3,500."
Paula Phillips,infidelity_housing_home_security_upgrade,She installed a new home security system after separating.
Paula Phillips,infidelity_legal_divorce_filing_date,"Paula filed for divorce on September 5, 2024."
Paula Phillips,infidelity_legal_custody_issue,There are no custody issues because she has no children.
Paula Phillips,infidelity_legal_alimony_agreement,"Her alimony agreement provides $2,500 per month for two years."
Paula Phillips,infidelity_legal_wealth_division,Half of the lottery winnings are allocated to Paula in the divorce settlement.
Paula Phillips,infidelity_legal_restraining_order,No restraining order has been issued.
Paula Phillips,infidelity_employment_work_performance_impact,Her work performance has slightly declined because of emotional stress.
Paula Phillips,infidelity_employment_sick_days_taken,She took four sick days in August 2024.
Paula Phillips,infidelity_employment_hr_support,HR offered her access to the Employee Assistance Program.
Paula Phillips,infidelity_employment_productivity_level,Her productivity is currently at 80 % of its previous level.
Paula Phillips,infidelity_employment_career_advancement_plans,She has postponed plans for promotion.
Douglas Perry,name,Douglas Perry is the person's name.
Douglas Perry,sex,The person's sex is M.
Douglas Perry,address,The person's address is 503 Ward Underpass
Douglas Perry,age,The person is 42 years old.
Douglas Perry,marital_status,I am married.
Douglas Perry,current_employer,I work for Northland Manufacturing Inc.
Douglas Perry,job_title,My job title is Production Supervisor.
Douglas Perry,annual_income,"My annual income is $72,000."
Douglas Perry,health_conditions,I have mild hypertension.
Douglas Perry,primary_physician,My primary physician is Dr. Elaine Winters.
Douglas Perry,housing_status,I own my home.
Douglas Perry,education_level,I hold a Bachelor of Science in Mechanical Engineering.
Douglas Perry,inheritance_meeting_attorney_date,"I met with my attorney about the inheritance dispute on April 12, 2023."
Douglas Perry,inheritance_court_hearing_date,"The court hearing for the inheritance case took place on June 19, 2023."
Douglas Perry,inheritance_mediation_session_date,"We attended a mediation session on May 3, 2023."
Douglas Perry,inheritance_document_review_deadline,"All inheritance documents had to be reviewed by April 30, 2023."
Douglas Perry,inheritance_family_meeting_date,"The family convened to discuss the inheritance on April 20, 2023."
Douglas Perry,inheritance_disputed_estate_value,"The estate at the center of the dispute was valued at $850,000."
Douglas Perry,inheritance_attorney_fees_paid,"I have paid $10,500 in attorney fees for the inheritance case."
Douglas Perry,inheritance_tax_estimate,"The estimated inheritance tax on the estate is $21,000."
Douglas Perry,inheritance_cash_reserves_for_legal_fees,"I set aside $15,000 in cash reserves to cover legal expenses."
Douglas Perry,inheritance_anticipated_share,"My anticipated share of the inheritance is $250,000."
Douglas Perry,inheritance_stress_level,During the dispute my stress level averaged 8 out of 10.
Douglas Perry,inheritance_anxiety_sessions_attended,I attended four anxiety counseling sessions during the inheritance dispute.
Douglas Perry,inheritance_sleep_hours_per_night,I averaged 5.5 hours of sleep per night while the dispute was ongoing.
Douglas Perry,inheritance_coping_strategy_used,I used daily journaling as my primary coping strategy.
Douglas Perry,inheritance_average_mood_rating,My average mood rating during the dispute was 4 on a 10-point scale.
Douglas Perry,inheritance_law_books_read,I read 'Estate Planning Basics' by J. Clarke to better understand the dispute.
Douglas Perry,inheritance_online_course_completed,I completed the Coursera course 'Intro to Probate Law'.
Douglas Perry,inheritance_legal_seminar_attended,I attended the State Bar Probate Seminar in May 2023.
Douglas Perry,inheritance_minutes_reading_per_day,I spent an average of 45 minutes each day reading legal materials.
Douglas Perry,inheritance_legal_jargon_notes_pages,I compiled 12 pages of notes on legal jargon.
Douglas Perry,inheritance_conflict_with_sibling,"The main conflict in the inheritance dispute was with my sister, Emily Perry."
Douglas Perry,inheritance_spouse_support,My spouse was highly supportive throughout the dispute.
Douglas Perry,inheritance_parent_communication_frequency,I communicated with my parents weekly by phone during the dispute.
Douglas Perry,inheritance_estranged_relative_contacted,"I reached out to my estranged relative, Uncle Martin, for a statement."
Douglas Perry,inheritance_friend_support_group,I attended a monthly meetup with the 'Legal Friends' support group.
Douglas Perry,inheritance_average_blood_pressure,My average blood pressure during the dispute was 138 over 86 mmHg.
Douglas Perry,inheritance_stress_medication_prescribed,My doctor prescribed Clonidine 0.1 mg nightly for stress.
Douglas Perry,inheritance_weight_change,I gained 4 pounds during the inheritance dispute.
Douglas Perry,inheritance_doctor_appointment_for_stress,"I saw my doctor for stress management on May 15, 2023."
Douglas Perry,inheritance_physical_activity_hours_per_week,I managed only 2 hours of physical activity per week during the dispute.
Douglas Perry,inheritance_temporary_stay_address,"I stayed temporarily at my cousin's house on 12 River Road, Sprucefield, ME."
Douglas Perry,inheritance_mortgage_payment_due,"My mortgage payment was due on June 1, 2023."
Douglas Perry,inheritance_home_insurance_policy_number,My home insurance policy number is HI-5412987.
Douglas Perry,inheritance_property_appraisal_date,"The property appraisal for the estate was performed on April 8, 2023."
Douglas Perry,inheritance_home_maintenance_spending,"I spent $1,200 on home maintenance during the dispute period."
Douglas Perry,inheritance_complaint_filed_court,I filed a complaint in Probate Court under case number 23-1456.
Douglas Perry,inheritance_probate_application_number,The probate application number is PA-2023-089.
Douglas Perry,inheritance_legal_representative_name,My legal representative is Attorney Laura Michaels.
Douglas Perry,inheritance_witness_statements_submitted,Three witness statements were submitted to the court.
Douglas Perry,inheritance_settlement_offer_amount,"The settlement offer on the table was $200,000."
Douglas Perry,inheritance_days_of_leave_for_court,I took four days of leave from work to attend court.
Douglas Perry,inheritance_reduced_work_hours_percentage,My work hours were reduced by 15% during the dispute.
Douglas Perry,inheritance_employer_accommodations,My employer provided a flexible schedule to accommodate court appearances.
Douglas Perry,inheritance_performance_review_rating,My performance review rating during the dispute was 'Meets Expectations'.
Douglas Perry,inheritance_overtime_hours_due_to_financial_needs,I worked an additional 6 overtime hours to cover legal costs.
Douglas Perry,sobriety_start_date,"I began my sobriety journey on July 1, 2023."
Douglas Perry,sobriety_aa_meeting_time,I attend an AA meeting every Tuesday at 7:00 PM.
Douglas Perry,sobriety_morning_routine_time,My daily morning routine starts at 6:30 AM.
Douglas Perry,sobriety_monthly_checkin_date,"My first monthly sobriety check‑in was on August 15, 2023."
Douglas Perry,sobriety_therapy_sessions_scheduled,I have bi‑weekly therapy sessions on Thursdays at 5:00 PM.
Douglas Perry,sobriety_money_saved_monthly,I save $450 each month since becoming sober.
Douglas Perry,sobriety_previous_alcohol_spending,"Before sobriety, I spent about $600 per month on alcohol."
Douglas Perry,sobriety_charitable_donation_from_savings,I have donated $200 from my savings to a local charity.
Douglas Perry,sobriety_recovery_app_subscription_cost,My recovery app subscription costs $9.99 per month.
Douglas Perry,sobriety_budget_for_hobbies,I allocate $100 each month for new hobbies.
Douglas Perry,sobriety_craving_score,My current craving score is 2 out of 10.
Douglas Perry,sobriety_relapse_prevention_strategies_used,I actively use five relapse‑prevention strategies.
Douglas Perry,sobriety_therapist_sessions_this_month,I have attended two therapist sessions this month.
Douglas Perry,sobriety_mood_improvement_scale,My mood improvement rating is 7 out of 10.
Douglas Perry,sobriety_confidence_level,I feel a high level of confidence in my sobriety.
Douglas Perry,sobriety_recovery_book_titles,I have read ‘Living Sober’ by John Smith and ‘The Sober Life’ by Maria Lopez.
Douglas Perry,sobriety_online_course_completed,I completed the ‘Sober Living 101’ course on Udemy.
Douglas Perry,sobriety_workshop_attended,I attended a Relapse Prevention Workshop in September 2023.
Douglas Perry,sobriety_self_education_hours_per_week,I spend about three hours per week on self‑education about recovery.
Douglas Perry,sobriety_peer_facilitator_certification,I earned the Certified Peer Support Facilitator credential in 2023.
Douglas Perry,sobriety_supportive_friend_jane,My supportive friend Jane Thompson checks in with me weekly.
Douglas Perry,sobriety_family_meeting_discussed,"My family held a meeting on August 10, 2023 to discuss my sobriety."
Douglas Perry,sobriety_partner_attended_aa,My partner attended an AA meeting with me once.
Douglas Perry,sobriety_reduced_workplace_conflict,There has been a significant reduction in conflict with coworkers since I became sober.
Douglas Perry,sobriety_new_sobriety_group_connection,I formed a new connection with Alex Rivera through my sobriety group.
Douglas Perry,sobriety_liver_function_test,"My liver function test showed ALT 28 and AST 22, both within normal ranges."
Douglas Perry,sobriety_weight_change_since_start,I have lost 6 pounds since starting sobriety.
Douglas Perry,sobriety_improved_sleep_hours,I now average 7.5 hours of sleep per night.
Douglas Perry,sobriety_blood_pressure_normalized,My blood pressure has normalized to 124 over 78 mmHg.
Douglas Perry,sobriety_fitness_activity_minutes_per_week,I engage in 150 minutes of fitness activity each week.
Douglas Perry,sobriety_home_clutter_freed_space,I cleared clutter in the garage to create a new workshop space.
Douglas Perry,sobriety_new_storage_solution,I bought a modular shelving unit for better storage.
Douglas Perry,sobriety_home_cleanliness_rating,I would rate the cleanliness of my home as 9 out of 10.
Douglas Perry,sobriety_garden_started_hobby,I started a vegetable garden in my backyard as a new hobby.
Douglas Perry,sobriety_utility_bills_reduction,My monthly utility bills have decreased by $45.
Douglas Perry,sobriety_no_recent_dui,I have had no DUI incidents since starting sobriety.
Douglas Perry,sobriety_probation_status_completed,"My probation, which ended in April 2023, is now completed."
Douglas Perry,sobriety_legal_counseling_sessions,I attended two legal counseling sessions regarding past offenses.
Douglas Perry,sobriety_court_mandated_treatment_compliance,I am in full compliance with the court‑mandated treatment program.
Douglas Perry,sobriety_alcohol_education_program_completed,I completed a 40‑hour alcohol education program.
Douglas Perry,sobriety_productivity_score_improved,My work productivity score rose to 92 out of 100.
Douglas Perry,sobriety_promotion_considered,My manager has considered me for a promotion to senior supervisor.
Douglas Perry,sobriety_reduced_absenteeism_days,I have had zero days of absenteeism since becoming sober.
Douglas Perry,sobriety_new_project_assigned,I was assigned to lead the Lean Manufacturing Initiative project.
Douglas Perry,sobriety_coworker_feedback_positive,Feedback from coworkers about my performance has been highly positive.
Douglas Perry,adoption_application_submitted_date,"I submitted the adoption application on September 5, 2023."
Douglas Perry,adoption_home_study_appointment_date,"The home study appointment was scheduled for September 20, 2023."
Douglas Perry,adoption_initial_child_meeting_date,"My first meeting with the child was on October 2, 2023."
Douglas Perry,adoption_court_hearing_date,"The adoption court hearing is set for November 15, 2023."
Douglas Perry,adoption_final_placement_date,"The final placement of the child is planned for December 1, 2023."
Douglas Perry,adoption_agency_fees_paid,"I have paid $8,200 in agency fees for the adoption."
Douglas Perry,adoption_legal_fees,"Legal fees for the adoption total $5,400."
Douglas Perry,adoption_monthly_savings_for_child,I set aside $650 each month for future child expenses.
Douglas Perry,adoption_government_assistance,"The state provides $3,000 in adoption assistance."
Douglas Perry,adoption_estimated_yearly_childcare_cost,"The estimated yearly cost of childcare is $12,000."
Douglas Perry,adoption_anxiety_score_pre,Before the adoption process my anxiety score was 7 out of 10.
Douglas Perry,adoption_counseling_sessions,I have attended five counseling sessions to manage adoption‑related stress.
Douglas Perry,adoption_parental_preparedness_score,My self‑assessment of parental preparedness rates an 8 out of 10.
Douglas Perry,adoption_emotional_support_group_meetings,I have taken part in three emotional‑support group meetings.
Douglas Perry,adoption_parenting_confidence_rating,I feel a high level of confidence in my upcoming parenting role.
Douglas Perry,adoption_parenting_class_completed,I completed a parenting class in March 2023.
Douglas Perry,adoption_child_development_course,I took the online course ‘Infant Development 101’.
Douglas Perry,adoption_infant_first_aid_certification,I earned a CPR and First Aid certification that expires in 2025.
Douglas Perry,adoption_books_on_adoption_read,I have read ‘Adopted Hearts’ and ‘The Adoptive Family’.
Douglas Perry,adoption_trauma_informed_care_webinars,I attended two webinars on trauma‑informed care in 2023.
Douglas Perry,adoption_spouse_support_level,My spouse has been very supportive of the adoption.
Douglas Perry,adoption_extended_family_discussion,"We discussed the adoption with extended family at dinner on September 10, 2023."
Douglas Perry,adoption_biological_family_contact_plan,The plan includes quarterly video calls with the child’s biological family.
Douglas Perry,adoption_friends_offering_babysitting,Two friends have volunteered to babysit when needed.
Douglas Perry,adoption_mentor_from_foster_parent,"I have a mentorship relationship with Karen Liu, a former foster parent."
Douglas Perry,adoption_parental_health_checkup_completed,Both my spouse and I completed a health check‑up in June 2023 with all results clear.
Douglas Perry,adoption_immunization_status_updated,"Our immunizations have been updated with flu, Tdap, and COVID‑19 booster shots."
Douglas Perry,adoption_fitness_routine_adjusted,I added three stroller walks per week to my fitness routine.
Douglas Perry,adoption_sleep_schedule_changed,I expect my sleep schedule to adjust for nighttime infant feedings.
Douglas Perry,adoption_mental_health_evaluation_cleared,My mental‑health evaluation cleared me for adoption with no contraindications.
Douglas Perry,adoption_nursery_prepared,The nursery will be painted and furnished by November 2023.
Douglas Perry,adoption_extra_bedroom_added,We converted the guest room into the child’s bedroom.
Douglas Perry,adoption_home_safety_proofing_completed,All electrical outlets are covered and stairs have safety gates installed.
Douglas Perry,adoption_home_insurance_updated,Our home insurance was updated to policy number HI-742190 in July 2023.
Douglas Perry,adoption_planned_move_to_larger_home,We plan to move to a four‑bedroom house in June 2024.
Douglas Perry,adoption_petition_filed,"The adoption petition was filed on September 12, 2023 under court number AD-2023-044."
Douglas Perry,adoption_birth_parents_consent_obtained,"We obtained the birth parents’ consent on August 30, 2023."
Douglas Perry,adoption_background_check_number,Our background check clearance number is BK-921874.
Douglas Perry,adoption_court_order_number,The final court order number is CO-2023-119.
Douglas Perry,adoption_post_adoption_termination_document,The post‑adoption termination of parental rights document was filed in March 2024.
Douglas Perry,adoption_paternity_leave_weeks,I took four weeks of paternity leave for the adoption.
Douglas Perry,adoption_flexible_work_arrangement,My employer granted a flexible work arrangement allowing me to work remotely two days per week.
Douglas Perry,adoption_work_hours_adjusted,My work hours were adjusted to an 8 am‑4 pm shift.
Douglas Perry,adoption_employer_adoption_benefits_received,"My employer provided $5,000 in adoption assistance."
Douglas Perry,adoption_career_planning_discussed,I discussed career planning with my manager in November 2023.
Sharon Burgess,name,Sharon Burgess is the person's name.
Sharon Burgess,sex,The person's sex is F.
Sharon Burgess,address,The person's address is 7022 Elizabeth Locks
Sharon Burgess,age,The person is 46 years old.
Sharon Burgess,profession,Sharon works as a registered nurse.
Sharon Burgess,marital_status_general,"Sharon is divorced, finalizing her divorce in 2024."
Sharon Burgess,number_of_children,Sharon has two children.
Sharon Burgess,children_details,"Sharon's children are Emily, 12, and Jacob, 9."
Sharon Burgess,current_housing_status,Sharon currently rents a townhouse in Lake Kathryn.
Sharon Burgess,annual_income_before_lottery,"Before winning the lottery, Sharon earned $82,000 per year."
Sharon Burgess,current_annual_income,"After the lottery win and adjustments, Sharon's current annual income is about $95,000."
Sharon Burgess,primary_employer,Sharon is employed by Cedar Valley Hospital.
Sharon Burgess,lottery_win_schedule_claim_date,"Sharon filed the lottery claim on July 15, 2023."
Sharon Burgess,lottery_win_schedule_financial_advisor_meeting,"She met with a financial advisor on July 22, 2023."
Sharon Burgess,lottery_win_schedule_vacation_planned,"Sharon planned a vacation to the Bahamas from August 10 to August 20, 2023."
Sharon Burgess,lottery_win_schedule_family_meeting,"She held a family meeting about the winnings on July 18, 2023."
Sharon Burgess,lottery_win_schedule_charity_donation_event,"Sharon organized a charity donation event on September 1, 2023."
Sharon Burgess,lottery_win_finance_total_winnings,"The lottery prize amounted to $250,000."
Sharon Burgess,lottery_win_finance_tax_withheld,"Approximately $75,000 was withheld for taxes on the winnings."
Sharon Burgess,lottery_win_finance_new_bank_account,She opened a new savings account at Crestview Savings with account number 0045879021.
Sharon Burgess,lottery_win_finance_investment_amount,"Sharon invested $100,000 in a diversified mutual fund."
Sharon Burgess,lottery_win_finance_charitable_donation,"She pledged $20,000 to a local children's hospital."
Sharon Burgess,lottery_win_mental_health_excitement_level,Sharon reported a high level of excitement after learning she won the lottery.
Sharon Burgess,lottery_win_mental_health_anxiety_before_claim,She felt moderate anxiety while awaiting the claim confirmation.
Sharon Burgess,lottery_win_mental_health_therapy_sessions,Sharon attended three therapy sessions to process the sudden wealth.
Sharon Burgess,lottery_win_mental_health_sleep_quality,Her sleep quality improved after the financial worries were eased.
Sharon Burgess,lottery_win_mental_health_stress_level_postwin,Overall stress level dropped to low following the win.
Sharon Burgess,lottery_win_education_financial_literacy_course,She completed an online financial literacy certificate in June 2023.
Sharon Burgess,lottery_win_education_real_estate_seminar,"Sharon attended a real‑estate investment seminar on July 30, 2023."
Sharon Burgess,lottery_win_education_charity_planning_workshop,She participated in a charitable giving workshop in August 2023.
Sharon Burgess,lottery_win_education_tax_planning_course,Sharon enrolled in a tax‑planning class at the community college in September 2023.
Sharon Burgess,lottery_win_education_philanthropy_webinar,She completed a philanthropy best‑practices webinar in October 2023.
Sharon Burgess,lottery_win_relationships_spouse_reaction,Sharon's spouse reacted with surprise but was supportive of the win.
Sharon Burgess,lottery_win_relationships_children_reaction,"Emily requested a new bike, and Jacob asked for a video‑game console."
Sharon Burgess,lottery_win_relationships_extended_family_contact,She scheduled weekly video calls with extended family for three months after the win.
Sharon Burgess,lottery_win_relationships_friend_support_group,Sharon joined a local peer support group for sudden wealth in August 2023.
Sharon Burgess,lottery_win_relationships_community_involvement,She contributed to the renovation of the town park in October 2023.
Sharon Burgess,lottery_win_health_general_checkup,"Sharon completed a comprehensive health checkup on July 28, 2023."
Sharon Burgess,lottery_win_health_dental_visit,"She had a dental cleaning and a crown placed on August 5, 2023."
Sharon Burgess,lottery_win_health_vaccinations_updated,Sharon received her flu vaccine in October 2023.
Sharon Burgess,lottery_win_health_vision_exam,Her eye exam in September 2023 confirmed 20/20 vision.
Sharon Burgess,lottery_win_health_nutrition_plan,She began a nutrition plan with a dietitian in August 2023.
Sharon Burgess,lottery_win_housing_vacation_home_purchase,"Sharon purchased a beachfront condo in Myrtle Beach for $180,000."
Sharon Burgess,lottery_win_housing_primary_residence_renovation,She completed a kitchen and master bathroom renovation in December 2023.
Sharon Burgess,lottery_win_housing_property_tax_prepaid,She prepaid the 2024 property taxes for her new condo.
Sharon Burgess,lottery_win_housing_rental_income_estimate,"Sharon expects to earn $12,000 per year in rental income from the condo."
Sharon Burgess,lottery_win_housing_homeowners_insurance_policy,"Her homeowners insurance policy number is HOP‑938274, active from March 2024."
Sharon Burgess,lottery_win_legal_lottery_claim_form_submitted,"She filed claim form LTR‑2023‑0715 on July 15, 2023."
Sharon Burgess,lottery_win_legal_tax_deadline_2023,"The tax filing deadline for the 2023 lottery income is April 15, 2024."
Sharon Burgess,lottery_win_legal_legal_advisor_retainer,"Sharon paid a $2,500 retainer to Smith & Gray on July 20, 2023."
Sharon Burgess,lottery_win_legal_gift_agreement_written,"She signed a formal gift agreement for a $20,000 donation in August 2023."
Sharon Burgess,lottery_win_legal_estate_plan_updated,Sharon updated her will to reflect the new assets in September 2023.
Sharon Burgess,lottery_win_employment_paid_leave_requested,She requested two weeks of paid leave in August 2023.
Sharon Burgess,lottery_win_employment_shift_change,Sharon changed to the evening shift at Cedar Valley Hospital beginning September 2023.
Sharon Burgess,lottery_win_employment_part_time_consulting,She began part‑time consulting for a health‑tech startup in November 2023.
Sharon Burgess,lottery_win_employment_retirement_plan_contribution_increase,She raised her 401(k) contribution to 12% starting January 2024.
Sharon Burgess,lottery_win_employment_professional_award_received,Sharon was honored with the ‘Nurse of the Year’ award in December 2023.
Sharon Burgess,divorce_proceedings_schedule_court_filing_date,"Sharon filed for divorce on February 5, 2024."
Sharon Burgess,divorce_proceedings_schedule_mediation_session,"The first mediation session was scheduled for March 12, 2024."
Sharon Burgess,divorce_proceedings_schedule_court_hearing,"A court hearing is set for May 20, 2024."
Sharon Burgess,divorce_proceedings_schedule_child_custody_evaluation,"A child custody evaluation is scheduled for April 8, 2024."
Sharon Burgess,divorce_proceedings_schedule_financial_disclosure_deadline,"Financial disclosures must be completed by March 1, 2024."
Sharon Burgess,divorce_proceedings_finance_total_assets_split,"The total marital assets of $420,000 were split equally."
Sharon Burgess,divorce_proceedings_finance_alimony_monthly,"Sharon is required to pay $1,200 per month in alimony."
Sharon Burgess,divorce_proceedings_finance_child_support_monthly,Child support is set at $800 per month.
Sharon Burgess,divorce_proceedings_finance_legal_fees_estimated,"Legal fees for the divorce are estimated at $15,000."
Sharon Burgess,divorce_proceedings_finance_home_equity_release,"She withdrew $90,000 from home equity prior to relocating."
Sharon Burgess,divorce_proceedings_mental_health_stress_level,Sharon reported a high level of stress during the divorce.
Sharon Burgess,divorce_proceedings_mental_health_therapy_sessions,She attended six therapy sessions over the course of the divorce.
Sharon Burgess,divorce_proceedings_mental_health_sleep_quality,Her sleep quality was poor during the proceedings.
Sharon Burgess,divorce_proceedings_mental_health_anxiety_rating,Anxiety was rated 7 out of 10 during the divorce.
Sharon Burgess,divorce_proceedings_mental_health_coping_mechanism,She practiced daily mindfulness meditation for 20 minutes as a coping mechanism.
Sharon Burgess,divorce_proceedings_education_parenting_class,Sharon completed a court‑mandated parenting class in April 2024.
Sharon Burgess,divorce_proceedings_education_financial_literacy_workshop,She attended a financial literacy workshop for divorcing individuals in March 2024.
Sharon Burgess,divorce_proceedings_education_legal_process_seminar,She participated in a legal process seminar in February 2024.
Sharon Burgess,divorce_proceedings_education_self_help_book,"Sharon read ""Divorce Recovery: A Practical Guide"" between May and June 2024."
Sharon Burgess,divorce_proceedings_education_online_course_child_development,She completed an online child development course in May 2024.
Sharon Burgess,divorce_proceedings_relationships_custody_arrangement,"Joint legal custody was granted, with the children primarily residing with Sharon."
Sharon Burgess,divorce_proceedings_relationships_spouse_communication,Communication with her ex‑spouse is limited to email about the children.
Sharon Burgess,divorce_proceedings_relationships_extended_family_support,The children's grandparents assist with weekend childcare.
Sharon Burgess,divorce_proceedings_relationships_friend_network,She meets three close friends bi‑weekly for support starting April 2024.
Sharon Burgess,divorce_proceedings_relationships_new_romantic_interest,Sharon started dating a colleague in June 2024.
Sharon Burgess,divorce_proceedings_health_annual_physical,"She completed her annual physical on April 10, 2024."
Sharon Burgess,divorce_proceedings_health_migraines_frequency,She experienced three migraines per month while going through the divorce.
Sharon Burgess,divorce_proceedings_health_weight_change,Sharon gained eight pounds between February and June 2024.
Sharon Burgess,divorce_proceedings_health_vitamin_supplement_start,She began taking a daily multivitamin supplement in March 2024.
Sharon Burgess,divorce_proceedings_health_dental_checkup,"She had a routine dental cleaning on May 15, 2024."
Sharon Burgess,divorce_proceedings_housing_new_apartment_move_in,Sharon moved into a one‑bedroom apartment on Oak Street in March 2024.
Sharon Burgess,divorce_proceedings_housing_rent_monthly,"Her monthly rent for the new apartment is $1,300."
Sharon Burgess,divorce_proceedings_housing_security_deposit,"She paid a $1,300 security deposit when moving in."
Sharon Burgess,divorce_proceedings_housing_furniture_purchase,"She spent $2,200 on essential furniture for the new apartment in April 2024."
Sharon Burgess,divorce_proceedings_housing_utility_set_up_fee,She incurred $150 in initial utility setup fees for electricity and internet.
Sharon Burgess,divorce_proceedings_legal_filing_number,The divorce case was filed under number DC‑2024‑4589.
Sharon Burgess,divorce_proceedings_legal_court_name,The proceedings are taking place in Lake Kathryn County Circuit Court.
Sharon Burgess,divorce_proceedings_legal_judge_assigned,Judge Harold Whitaker has been assigned to the case.
Sharon Burgess,divorce_proceedings_legal_settlement_date,"The divorce settlement is scheduled for June 15, 2024."
Sharon Burgess,divorce_proceedings_legal_mandatory_counseling,She completed the court‑mandated post‑divorce counseling in July 2024.
Sharon Burgess,divorce_proceedings_employment_part_time_shift_change,Sharon reduced her schedule to three 10‑hour shifts per week beginning May 2024.
Sharon Burgess,divorce_proceedings_employment_overtime_reduction,Her overtime hours decreased by twelve per month.
Sharon Burgess,divorce_proceedings_employment_employee_assistance_program,She enrolled in the employee assistance program for stress management in March 2024.
Sharon Burgess,divorce_proceedings_employment_salary_adjustment,"Her adjusted annual salary after reduced hours is $78,000."
Sharon Burgess,divorce_proceedings_employment_professional_development_course,She completed a wound‑care certification in July 2024.
Sharon Burgess,license_suspension_schedule_hearing_date,"The disciplinary hearing is set for September 10, 2024."
Sharon Burgess,license_suspension_schedule_appeal_deadline,"The deadline to file an appeal is October 15, 2024."
Sharon Burgess,license_suspension_schedule_ethics_course_start,"The mandatory ethics course begins on November 1, 2024."
Sharon Burgess,license_suspension_schedule_reinstatement_hearing,"A reinstatement hearing is scheduled for April 20, 2025."
Sharon Burgess,license_suspension_schedule_annual_review_meeting,"An annual review meeting with the licensing board is set for June 5, 2025."
Sharon Burgess,license_suspension_finance_lost_income_monthly,"She lost $3,500 in monthly income due to the suspension."
Sharon Burgess,license_suspension_finance_fine_amount,"A fine of $5,000 was imposed for the violation."
Sharon Burgess,license_suspension_finance_legal_fees_retainer,"She paid $3,000 in legal retainer fees for representation."
Sharon Burgess,license_suspension_finance_savings_withdrawal,"Sharon withdrew $20,000 from her savings to cover expenses."
Sharon Burgess,license_suspension_finance_insurance_premium_increase,Her professional liability insurance premium increased by $250 per month.
Sharon Burgess,license_suspension_mental_health_anxiety_level,She experienced a high level of anxiety following the suspension.
Sharon Burgess,license_suspension_mental_health_depression_screening_score,A depression screening yielded a score of 14 indicating moderate depression.
Sharon Burgess,license_suspension_mental_health_therapy_sessions,She attended five therapy sessions to cope with the situation.
Sharon Burgess,license_suppression_mental_health_coping_strategy,Sharon adopted daily 30‑minute walks in the park as a coping strategy.
Sharon Burgess,license_suspension_mental_health_support_group,She joined a professional peer support group in October 2024.
Sharon Burgess,license_suspension_education_ethics_course_name,The required course is the State Board Ethics and Professional Conduct Course.
Sharon Burgess,license_suspension_education_course_completion_deadline,"The ethics course must be completed by January 31, 2025."
Sharon Burgess,license_suspension_education_continuing_education_credits_earned,She earned 12 continuing education credits from the ethics course.
Sharon Burgess,license_suspension_education_additional_training,She attended a patient safety workshop in November 2024.
Sharon Burgess,license_suspension_education_online_module_completion,She completed an online module on documentation standards in December 2024.
Sharon Burgess,license_suspension_relationships_spouse_support,Her ex‑spouse offered occasional emotional support through texts.
Sharon Burgess,license_suspension_relationships_colleague_assistance,Two coworkers volunteered to cover her shifts while her license was suspended.
Sharon Burgess,license_suspension_relationships_family_involvement,Her parents helped with weekend childcare.
Sharon Burgess,license_suspension_relationships_friend_check_ins,Her best friend checks in twice a week since September 2024.
Sharon Burgess,license_suspension_relationships_professional_mentor_meetings,She began monthly mentorship meetings with a senior RN in October 2024.
Sharon Burgess,license_suspension_health_sleep_quality,"She reports interrupted sleep, averaging five hours per night."
Sharon Burgess,license_suspension_health_headache_frequency,She experiences four tension headaches each week.
Sharon Burgess,license_suspension_health_blood_pressure,Her blood pressure was recorded at 135 over 85 mmHg in October 2024.
Sharon Burgess,license_suspension_health_nutrition_change,She added omega‑3 supplements to her diet beginning September 2024.
Sharon Burgess,license_suspension_health_flu_shot,She received the seasonal flu vaccine in October 2024.
Sharon Burgess,license_suspension_housing_current_residence,Sharon continues to live in her Oak Street apartment.
Sharon Burgess,license_suspension_housing_rent_payment_status,She has paid rent on time each month throughout 2024.
Sharon Burgess,license_suspension_housing_homeowners_insurance,Her homeowners insurance policy remains active with an unchanged premium.
Sharon Burgess,license_suspension_housing_utility_bills,She incurs an average monthly utility cost of $180.
Sharon Burgess,license_suspension_housing_future_moving_plans,Sharon is considering relocating after her license is reinstated in 2025.
Sharon Burgess,license_suspension_legal_suspension_start_date,"The license suspension began on September 15, 2024."
Sharon Burgess,license_suspension_legal_suspension_end_date,"The suspension is scheduled to end on March 14, 2025."
Sharon Burgess,license_suspension_legal_regulatory_body,The South Carolina Board of Nursing issued the suspension.
Sharon Burgess,license_suspension_legal_violation_cited,The cited violation was improper medication documentation.
Sharon Burgess,license_suspension_legal_appeal_outcome,The outcome of the appeal is pending as of November 2024.
Sharon Burgess,license_suspension_employment_current_status,Sharon is on unpaid leave because her license is suspended.
Sharon Burgess,license_suspension_employment_benefits_continued,Her health insurance benefits continue through her employer.
Sharon Burgess,license_suspension_employment_reemployment_plans,She plans to resume full‑time nursing after her license is reinstated.
Sharon Burgess,license_suspension_employment_training_during_suspension,During the suspension she is completing an online RN refresher course.
Sharon Burgess,license_suspension_employment_income_alternative_source,She earns $800 per month tutoring nursing students part‑time.
Troy Salazar,general_name,The user's full name is Troy Salazar.
Troy Salazar,general_sex,Troy Salazar identifies as male.
Troy Salazar,general_address,"His mailing address is 02516 Walker Grove Apt. 200, Alvarezmouth, AR 88611."
Troy Salazar,general_age,Troy is currently 66 years old.
Troy Salazar,general_marital_status,He is married.
Troy Salazar,general_primary_care_physician,His primary care physician is Dr. Lena Ortiz.
Troy Salazar,general_retirement_status,Troy is currently retired.
Troy Salazar,weightloss_schedule_morning_walk_time,"During his weight loss journey, Troy walks for 30 minutes each morning."
Troy Salazar,weightloss_schedule_meal_preparation_time,He spends about 45 minutes each evening preparing his meals.
Troy Salazar,weightloss_schedule_weekly_gym_sessions,He attends the gym four times a week.
Troy Salazar,weightloss_schedule_daily_sleep_hours,He aims for 7.5 hours of sleep each night.
Troy Salazar,weightloss_schedule_monthly_progress_check,His monthly progress check is scheduled for the first Monday of each month.
Troy Salazar,weightloss_finance_gym_membership_cost,He pays $55 per month for his gym membership.
Troy Salazar,weightloss_finance_nutritionist_fee,Each nutritionist session costs $120.
Troy Salazar,weightloss_finance_diet_program_fee,He enrolled in a 12‑week diet program that cost $350.
Troy Salazar,weightloss_finance_weight_loss_supplements_spending,He spends roughly $45 each month on weight‑loss supplements.
Troy Salazar,weightloss_finance_medical_checkup_cost,A comprehensive medical check‑up related to the program cost $200.
Troy Salazar,weightloss_mental_health_self_esteem_rating,His self‑esteem rating rose to 8 out of 10.
Troy Salazar,weightloss_mental_health_stress_level,He reports a stress level of 4 out of 10.
Troy Salazar,weightloss_mental_health_motivation_score,His motivation score is 9 out of 10.
Troy Salazar,weightloss_mental_health_body_image_satisfaction,He feels a body‑image satisfaction of 7 out of 10.
Troy Salazar,weightloss_mental_health_depression_screen_score,"His PHQ‑9 depression screen score is 3, indicating minimal depression."
Troy Salazar,weightloss_education_nutrition_course_completed,He completed an online Certificate in Applied Nutrition.
Troy Salazar,weightloss_education_fitness_certification_attended,He attended a Basic Personal Trainer Workshop.
Troy Salazar,weightloss_education_online_weight_loss_webinar_hours,He logged 12 hours of weight‑loss webinars.
Troy Salazar,weightloss_education_health_book_read,"He read the book ""The Obesity Code"" by Dr. Jason Fung."
Troy Salazar,weightloss_education_cooking_class_attended,He attended a low‑calorie cooking class at the community center.
Troy Salazar,weightloss_relationships_spouse_support_rating,His spouse rates their support for his journey at 9 out of 10.
Troy Salazar,weightloss_relationships_friends_group_meeting,He meets his friends weekly on Fridays for dinner.
Troy Salazar,weightloss_relationships_support_group_attendance,He attends a bi‑weekly local weight‑loss support group.
Troy Salazar,weightloss_relationships_family_discussions_about_goals,He holds a monthly video call with his adult children to discuss his health goals.
Troy Salazar,weightloss_relationships_coach_contact_frequency,He talks to his personal coach twice per week by phone.
Troy Salazar,weightloss_health_starting_weight_kg,"At the start of his journey, Troy weighed 102 kilograms."
Troy Salazar,weightloss_health_current_weight_kg,"After several months, his weight decreased to 85 kilograms."
Troy Salazar,weightloss_health_bmi_start,His initial Body Mass Index was 35.2.
Troy Salazar,weightloss_health_bmi_current,His current Body Mass Index is 29.3.
Troy Salazar,weightloss_health_blood_pressure_before,His blood pressure prior to starting the program was 150 over 95 millimeters of mercury.
Troy Salazar,weightloss_housing_kitchen_organizer_installed,He installed a kitchen organizer to better manage healthy foods.
Troy Salazar,weightloss_housing_refrigerator_space_optimized,He allocated a dedicated two‑foot shelf in his refrigerator for fresh produce.
Troy Salazar,weightloss_housing_home_gym_equipment_purchased,He purchased adjustable dumbbells and resistance bands for a home gym.
Troy Salazar,weightloss_housing_walkable_neighborhood_distance,"His home is 0.6 miles from the nearest park, making walks convenient."
Troy Salazar,weightloss_housing_parking_for_bike,He installed a secure bike rack on his balcony for cycling.
Troy Salazar,weightloss_legal_medical_clearance_signed,"He signed a medical clearance form on February 10, 2023."
Troy Salazar,weightloss_legal_weight_loss_program_contract,His weight‑loss program contract is identified as WL-2023‑07.
Troy Salazar,weightloss_legal_insurance_coverage_approval,His health insurance approved coverage for nutritionist visits up to $500 per year.
Troy Salazar,weightloss_legal_consent_for_physiotherapy,"He provided written consent for physiotherapy on March 1, 2023."
Troy Salazar,weightloss_legal_liability_waiver_signed,He signed liability waiver LV-2023‑15 for gym use.
Troy Salazar,weightloss_employment_paid_time_off_used,He used five days of paid time off to attend medical appointments.
Troy Salazar,weightloss_employment_lunch_break_extended_for_meal_prep,His employer allowed a 30‑minute extension of his lunch break for meal preparation.
Troy Salazar,weightloss_employment_flexible_work_hours,"He takes advantage of a flexible schedule, working from 8 am to 4 pm."
Troy Salazar,weightloss_employment_stress_management_workshop_attended,"He attended a workplace stress‑management workshop on September 12, 2023."
Troy Salazar,weightloss_employment_occupational_health_assessment_done,"An occupational health assessment was completed on April 20, 2023."
Troy Salazar,misconduct_schedule_initial_hr_meeting_date,"The first HR meeting regarding the allegation took place on February 5, 2024."
Troy Salazar,misconduct_schedule_investigation_interview_times,"He was interviewed twice, each for 90 minutes, on February 12 and February 19, 2024."
Troy Salazar,misconduct_schedule_counseling_appointment_times,"He began weekly counseling sessions on Wednesdays at 3 pm starting February 14, 2024."
Troy Salazar,misconduct_schedule_deadline_for_response_submission,"The deadline to submit his written response was March 1, 2024."
Troy Salazar,misconduct_schedule_final_hearing_date,"The final disciplinary hearing was scheduled for April 10, 2024."
Troy Salazar,misconduct_finance_legal_fees_incurred,"He incurred $1,200 in legal fees related to the allegation."
Troy Salazar,misconduct_finance_employee_assistance_program_cost,The employee assistance program cost him $250 for ten counseling sessions.
Troy Salazar,misconduct_finance_potential_bonus_withholding,"A $3,500 year‑end bonus is currently being withheld pending investigation outcome."
Troy Salazar,misconduct_finance_lost_overtime_hours,He lost 12 hours of overtime pay during the investigation period.
Troy Salazar,misconduct_finance_insurance_coverage_for_legal,"His insurance does not cover legal expenses, making them a personal cost."
Troy Salazar,misconduct_mental_health_anxiety_rating,He rates his anxiety at 7 out of 10 during the investigation.
Troy Salazar,misconduct_mental_health_depression_screen_score,"His PHQ‑9 depression screen score is 10, indicating mild depression."
Troy Salazar,misconduct_mental_health_sleep_quality,He rates his sleep quality as 5 out of 10.
Troy Salazar,misconduct_mental_health_coping_strategy_used,He practices mindfulness meditation for 20 minutes each day to cope.
Troy Salazar,misconduct_mental_health_therapy_progress_score,His GAD‑7 anxiety score improved from 6 to 3 in three months.
Troy Salazar,misconduct_education_harassment_training_completed,"He completed an eight‑hour mandatory harassment training on November 15, 2023."
Troy Salazar,misconduct_education_legal_procedure_workshop_attended,"He attended a legal‑procedure workshop on January 20, 2024."
Troy Salazar,misconduct_education_conflict_resolution_course_hours,He completed 12 hours of conflict‑resolution coursework.
Troy Salazar,misconduct_education_online_resources_utilized,He viewed three webinars focusing on workplace rights.
Troy Salazar,misconduct_education_certification_received,He earned a Certificate in Workplace Ethics in 2023.
Troy Salazar,misconduct_relationships_union_rep_contacted,"He contacted his union representative on February 6, 2024."
Troy Salazar,misconduct_relationships_manager_support_level,"His manager provided neutral support, indicating a low level of involvement."
Troy Salazar,misconduct_relationships_coworker_allies,Two coworkers submitted statements supporting him.
Troy Salazar,misconduct_relationships_family_discussion_frequency,He has weekly phone calls with family throughout the investigation.
Troy Salazar,misconduct_relationships_friend_confidant,His friend John Miller has been a primary confidant during this time.
Troy Salazar,misconduct_health_sleep_disturbances,He experiences an average of three awakenings each night.
Troy Salazar,misconduct_health_headaches_frequency,He reports having four headaches per week.
Troy Salazar,misconduct_health_blood_pressure_readings,His average blood pressure during the investigation was 135 over 85 mmHg.
Troy Salazar,misconduct_health_appetite_change,He noted a 20% reduction in daily calorie intake due to stress.
Troy Salazar,misconduct_health_medication_adjustment,"His physician increased his antihypertensive dosage on February 18, 2024."
Troy Salazar,misconduct_housing_temporary_move_to_daughter,He temporarily lived with his daughter for two weeks in March 2024.
Troy Salazar,misconduct_housing_home_security_upgrades,"He installed a smart door lock on February 22, 2024, for added security."
Troy Salazar,misconduct_housing_noise_reduction_measures,He placed a white‑noise machine in his bedroom to improve sleep.
Troy Salazar,misconduct_housing_workspace_reconfiguration,He converted a spare room into a quiet office to work from home.
Troy Salazar,misconduct_housing_visitor_policy_change,He limited non‑essential visitors to his home throughout the investigation.
Troy Salazar,misconduct_legal_complaint_id,The formal complaint was logged under ID MAL‑2024‑00123.
Troy Salazar,misconduct_legal_investigation_status,"The investigation remained ongoing on April 5, 2024."
Troy Salazar,misconduct_legal_outcome_pending,"A final decision is expected by May 15, 2024."
Troy Salazar,misconduct_legal_attorney_retained,"He retained attorney Laura Chen on February 8, 2024."
Troy Salazar,misconduct_legal_documentation_submitted,He submitted three affidavits and supporting emails as evidence.
Troy Salazar,misconduct_employment_job_title,His job title is Senior Maintenance Supervisor.
Troy Salazar,misconduct_employment_department,He works in the Facilities Management department.
Troy Salazar,misconduct_employment_employment_status,He is currently on paid administrative leave while the investigation proceeds.
Troy Salazar,misconduct_employment_years_of_service,He has worked for the company for 22 years.
Troy Salazar,misconduct_employment_salary_before_allegation,"His annual salary before the allegation was $78,000."
Troy Salazar,assault_schedule_therapy_sessions_start,"She began weekly therapy sessions on Tuesdays at 4 pm starting January 23, 2024."
Troy Salazar,assault_schedule_medical_exams_dates,"Medical examinations were conducted on January 15 and February 20, 2024."
Troy Salazar,assault_schedule_court_dates,"The pre‑trial conference is set for June 10, 2024, with trial on September 5, 2024."
Troy Salazar,assault_schedule_support_group_meetings,She attends a bi‑weekly survivor support group on Saturdays at 10 am.
Troy Salazar,assault_schedule_time_off_work,She used two weeks of FMLA leave in March 2024.
Troy Salazar,assault_finance_therapy_cost_total,"Therapy costs total $2,400 for twelve sessions."
Troy Salazar,assault_finance_medical_expenses,Medical expenses for the forensic exam and follow‑up amounted to $850.
Troy Salazar,assault_finance_insurance_coverage,Her health insurance covered $500 of the therapy costs.
Troy Salazar,assault_finance_legal_retainer_fee,"She paid a $3,000 retainer to her attorney."
Troy Salazar,assault_finance_fmla_paid_leave_amount,"She received $1,200 in paid FMLA leave benefits."
Troy Salazar,assault_mental_health_ptsd_score,"Her PTSD Checklist score is 28, indicating moderate severity."
Troy Salazar,assault_mental_health_depression_score,"Her PHQ‑9 depression score is 12, reflecting moderate depression."
Troy Salazar,assault_mental_health_anxiety_score,"Her GAD‑7 anxiety score is 9, indicating mild anxiety."
Troy Salazar,assault_mental_health_coping_mechanism,She copes by journaling daily for about 20 minutes.
Troy Salazar,assault_mental_health_support_network_rating,She rates her support network at 8 out of 10.
Troy Salazar,assault_education_self_defense_course_completed,"She completed an eight‑hour Krav Maga self‑defense class on April 12, 2024."
Troy Salazar,assault_education_legal_rights_workshop_attended,"She attended a victim‑rights seminar on February 8, 2024."
Troy Salazar,assault_education_mental_health_resources_used,She completed five online CBT modules.
Troy Salazar,assault_education_medical_literacy_course,She took a three‑hour course on forensic evidence handling.
Troy Salazar,assault_education_certificate_received,She received a Certificate of Completion from the Victim Advocacy Center.
Troy Salazar,assault_relationships_partner_support_level,Her partner provides high support and attended joint counseling sessions.
Troy Salazar,assault_relationships_family_disclosure_status,"She disclosed the assault to her immediate family on January 20, 2024."
Troy Salazar,assault_relationships_friend_support_group,Three close friends regularly check in with her via video calls.
Troy Salazar,assault_relationships_legal_advocate_contact,"She established contact with victim advocate Maria Gomez on January 18, 2024."
Troy Salazar,assault_relationships_workplace_colleagues_awareness,Only the HR department is aware of the incident among her colleagues.
Troy Salazar,assault_health_physical_injuries_noted,"Physical examination noted bruising on her left thigh, which healed by March 2024."
Troy Salazar,assault_health_sexually_transmitted_infection_test,"Comprehensive STI testing on January 16, 2024, returned negative."
Troy Salazar,assault_health_pregnancy_test_result,"A pregnancy test performed on January 17, 2024, was negative."
Troy Salazar,assault_health_medical_followup_frequency,She schedules medical follow‑up appointments every four weeks for six months.
Troy Salazar,assault_health_prescribed_medication,"She began a low‑dose SSRI, escitalopram 10 mg daily, on February 1, 2024."
Troy Salazar,assault_housing_security_system_installed,She installed a smart doorbell and motion sensors in March 2024.
Troy Salazar,assault_housing_private_room_created,She converted a guest room into a personal safe space.
Troy Salazar,assault_housing_neighbor_support_network,She joined the local neighborhood watch group in April 2024.
Troy Salazar,assault_housing_temporary_relocation_plan,She stayed with her sister for two weeks in February 2024 for additional safety.
Troy Salazar,assault_housing_safe_exit_route_planned,She identified a secondary exit route from her apartment building for emergencies.
Troy Salazar,assault_legal_police_report_number,The police report was filed under number CR‑2024‑0189.
Troy Salazar,assault_legal_case_status,The legal case is active and awaiting a trial date.
Troy Salazar,assault_legal_attorney_retained,"She retained attorney Samuel Lee on January 19, 2024."
Troy Salazar,assault_legal_protection_order_status,"An emergency protective order was granted on January 22, 2024."
Troy Salazar,assault_legal_evidence_submitted,Forensic DNA analysis and CCTV footage have been submitted as evidence.
Troy Salazar,assault_employment_time_off_taken,She took two weeks of FMLA leave in March 2024.
Troy Salazar,assault_employment_current_position,Her current position is Administrative Assistant at City Hall.
Troy Salazar,assault_employment_salary,"She earns an annual salary of $42,500."
Troy Salazar,assault_employment_workplace_accommodations,Her employer approved flexible hours and a remote‑work option as accommodations.
Troy Salazar,assault_employment_years_at_company,She has been employed at the company for five years.
